% Model,plate_flap10_rot300_meshtesting.mph
% Version,COMSOL 5.1.0.234
% Date,"Oct 7 2015, 14:32"
% Table,Probe Table 1 - 
% t,"Strain tensor, XX component (1), Point Probe Expression 4","Strain tensor, XX component (1), Point Probe Expression 21"
0,1.0660018152156057E-19,-1.0660018152158032E-19
5.0E-4,3.446013539402212E-19,-3.4460135375070025E-19
0.001,4.2675383814614404E-19,-4.267538380082604E-19
0.002,4.0091860830161E-19,-4.00918606342512E-19
0.003,3.8376402986617693E-19,-3.8376402741050734E-19
0.004,3.8900748840495467E-19,-3.890074858152804E-19
0.005,3.8919926753397157E-19,-3.8919926488591718E-19
0.006,3.8916690434313016E-19,-3.89166901812519E-19
0.007,3.8916508739955817E-19,-3.8916508518058845E-19
0.008,3.8916528091484425E-19,-3.8916527913123783E-19
0.009000000000000001,3.891652961861427E-19,-3.8916529488015353E-19
0.01,3.891652948709205E-19,-3.891652940257846E-19
0.011,3.891652945323124E-19,-3.891652940946573E-19
0.012,3.8916529435219614E-19,-3.8916529424801026E-19
0.013000000000000001,3.8916529420883704E-19,-3.891652943553432E-19
0.014,3.8916529410999697E-19,-3.891652944250918E-19
0.015,3.891652940544705E-19,-3.891652944637461E-19
0.016,3.8916529403573484E-19,-3.891652944769683E-19
0.017,3.8916529404503843E-19,-3.8916529447036417E-19
0.018000000000000002,3.89165294073141E-19,-3.891652944493047E-19
0.019,3.8916529410982286E-19,-3.891652944209394E-19
0.02,3.891652941531409E-19,-3.8916529438578436E-19
0.021,3.8916529419813465E-19,-3.8916529434698553E-19
0.022,3.8916529423991615E-19,-3.8916529430828773E-19
0.023,3.891652942708094E-19,-3.891652942760576E-19
0.024,3.891652942925085E-19,-3.891652942515927E-19
0.025,3.8916529430591643E-19,-3.8916529423520215E-19
0.026000000000000002,3.8916529431435354E-19,-3.8916529422405497E-19
0.027,3.8916529431703174E-19,-3.8916529421939335E-19
0.028,3.89165294314695E-19,-3.891652942207802E-19
0.029,3.891652943086008E-19,-3.891652942269637E-19
0.03,6.910096540324066E-19,-1.3445392604822462E-19
0.031,5.55567574757162E-19,-2.1837974032186287E-19
0.032,5.164863994489038E-19,-2.6680297196360776E-19
0.033,4.976873876595164E-19,-2.879624445150585E-19
0.034,4.536542791908519E-19,-3.317616450984205E-19
0.035,4.0807911403373444E-19,-3.773169822471754E-19
0.036000000000000004,3.717768654846066E-19,-4.136205314473123E-19
0.037,1.0568145231678195E-19,-6.325831990613188E-19
0.038,2.0350705401283114E-19,-5.86273776906005E-19
0.039,2.2549998627294436E-19,-5.549387833553337E-19
0.04,2.4182491225074276E-19,-5.362533914902189E-19
0.041,2.8195741574142517E-19,-4.963547884456968E-19
0.042,3.251986296069414E-19,-4.5313340097079995E-19
0.043000000000000003,3.617489416025897E-19,-4.1658179052952745E-19
0.044,3.8967757060774575E-19,-3.8865300601035404E-19
0.045,4.0955886846677336E-19,-3.6877171413389967E-19
0.046,4.221970318127276E-19,-3.5613355106352914E-19
0.047,4.2849028832725526E-19,-3.498402941305107E-19
0.048,4.3102782758105944E-19,-3.4730275536254627E-19
0.049,4.2930490595853637E-19,-3.490256788858543E-19
0.05,4.24059423194011E-19,-3.5427116424787687E-19
0.051000000000000004,4.1646974160986203E-19,-3.618608479006902E-19
0.052000000000000005,4.0777060099464964E-19,-3.705599896404238E-19
0.053,3.99058693720196E-19,-3.792718971523492E-19
0.054,3.9186835585229086E-19,-3.864622343661407E-19
0.055,3.864224209973605E-19,-3.9190816854331626E-19
0.056,3.82722566101989E-19,-3.9560802299857735E-19
0.057,3.8013536027906484E-19,-3.981952285229916E-19
0.058,3.789098184336559E-19,-3.994207700761276E-19
0.059000000000000004,3.7894656963938374E-19,-3.99384018596739E-19
0.06,3.799931611856208E-19,-3.983374269442029E-19
0.061,3.8173570304754226E-19,-3.965948851428512E-19
0.062,3.838532539634486E-19,-3.9447733437485627E-19
0.063,3.8605428100512527E-19,-3.9227630750382003E-19
0.064,3.879532500414801E-19,-3.9037733855438782E-19
0.065,3.8943528577361957E-19,-3.88895302861864E-19
0.066,3.9048433200314987E-19,-3.8784625662932615E-19
0.067,3.912516805333609E-19,-3.8707890804354974E-19
0.068,3.916676251873916E-19,-3.866629633273716E-19
0.069,3.9174991613238364E-19,-3.8658067235863977E-19
0.07,3.9155694607488143E-19,-3.867736424133563E-19
0.07100000000000001,3.911653932984761E-19,-3.8716519519792143E-19
0.07200000000000001,3.906563928727998E-19,-3.8767419564225923E-19
0.073,3.901058400231527E-19,-3.8822474851135667E-19
0.074,3.8957773773507093E-19,-3.887528508125286E-19
0.075,3.891670387060216E-19,-3.891635498444375E-19
0.076,3.8886955352985623E-19,-3.8946103501937027E-19
0.077,3.886803569679098E-19,-3.8965023157328017E-19
0.078,3.885583724510379E-19,-3.897722160874897E-19
0.079,3.885166243190828E-19,-3.898139642202583E-19
0.08,3.885468699284304E-19,-3.8978371861103394E-19
0.081,3.886321695349273E-19,-3.8969841900448776E-19
0.082,3.887526858253862E-19,-3.895779027146698E-19
0.083,3.8888897514803167E-19,-3.894416133943416E-19
0.084,3.8902405705311788E-19,-3.8930653149260806E-19
0.085,3.8913391306668043E-19,-3.891966754791441E-19
0.08600000000000001,3.892162218129844E-19,-3.8911436672786047E-19
0.08700000000000001,3.892713034390501E-19,-3.890592850913177E-19
0.088,3.893091532811794E-19,-3.890214352360736E-19
0.089,3.893260439862137E-19,-3.890045445248763E-19
0.09,3.893236575525529E-19,-3.8900693096354143E-19
0.091,3.8930601332681774E-19,-3.8902457519980297E-19
0.092,3.8927803119966467E-19,-3.890525573373345E-19
0.093,3.892446869401947E-19,-3.89085901605334E-19
0.094,3.8921045535486696E-19,-3.89120133195814E-19
0.095,3.8918135522835173E-19,-3.891492333217869E-19
0.096,3.8915886650258327E-19,-3.8917172204523807E-19
0.097,3.8914315432874755E-19,-3.891874342164607E-19
0.098,3.89131819650226E-19,-3.8919876889207333E-19
0.099,3.891259108571219E-19,-3.8920467768187405E-19
0.1,3.8912511342940913E-19,-3.89205475107097E-19
0.101,3.8912849093984003E-19,-3.892020975952856E-19
0.10200000000000001,3.8913483696225626E-19,-3.891957515728447E-19
0.10300000000000001,3.8914288987242284E-19,-3.8918769866363955E-19
0.10400000000000001,3.8915148117014856E-19,-3.891791073672204E-19
0.105,3.891591182283693E-19,-3.8917147031033084E-19
0.106,3.8916519372378173E-19,-3.8916539481578123E-19
0.107,3.891696010538893E-19,-3.8916098748552576E-19
0.108,3.891724106671509E-19,-3.891581778717218E-19
0.109,3.891742278133244E-19,-3.8915636072488273E-19
0.11,3.8917485923391248E-19,-3.8915572930402346E-19
0.111,3.8917442559872455E-19,-3.8915616293918673E-19
0.112,3.891731762609735E-19,-3.891574122770364E-19
0.113,3.891714037414996E-19,-3.891591847967075E-19
0.114,3.891693951269762E-19,-3.891611934114035E-19
0.115,3.891674014478823E-19,-3.8916318709079317E-19
0.116,3.891657770295492E-19,-3.891648115091756E-19
0.117,3.891645582892475E-19,-3.891660302496252E-19
0.11800000000000001,3.891637410973396E-19,-3.8916684744155774E-19
0.11900000000000001,3.891631782558813E-19,-3.891674102829421E-19
0.12,3.891629250281041E-19,-3.891676635106207E-19
0.121,3.8916295685960304E-19,-3.8916763167902315E-19
0.122,3.891632146270775E-19,-3.8916737391145005E-19
0.123,3.891636258152777E-19,-3.8916696272327454E-19
0.124,3.8916411698485244E-19,-3.891664715536012E-19
0.125,3.8916462200847637E-19,-3.8916596653007586E-19
0.126,3.891650521335291E-19,-3.891655364050971E-19
0.127,3.8916538495586785E-19,-3.8916520358270903E-19
0.128,3.8916561788154543E-19,-3.8916497065703145E-19
0.129,3.891657862184722E-19,-3.891648023201047E-19
0.13,3.8916587443328666E-19,-3.8916471410533953E-19
0.131,3.8916588709472605E-19,-3.8916470144385083E-19
0.132,3.891658379653317E-19,-3.8916475057326984E-19
0.133,3.8916574481809047E-19,-3.891648437205357E-19
0.134,3.891656262662001E-19,-3.891649622722782E-19
0.135,3.8916549957092323E-19,-3.891650889675304E-19
0.136,3.891653867323333E-19,-3.8916520180631753E-19
0.137,3.8916529685881553E-19,-3.8916529167976135E-19
0.138,3.8916523156462584E-19,-3.89165356974025E-19
0.139,3.891651825156953E-19,-3.891654060228816E-19
0.14,3.891651540151615E-19,-3.8916543452346467E-19
0.14100000000000001,3.891651453537646E-19,-3.8916544318478763E-19
0.14200000000000002,3.891651534002691E-19,-3.8916543513828314E-19
0.14300000000000002,3.8916517385385464E-19,-3.8916541468477154E-19
0.14400000000000002,3.8916520204212276E-19,-3.891653864965774E-19
0.145,3.8916523349965234E-19,-3.8916535503892454E-19
0.146,3.89165264379292E-19,-3.8916532415930953E-19
0.147,3.8916528917087297E-19,-3.8916529936762995E-19
0.148,3.8916530757026472E-19,-3.891652809682875E-19
0.149,3.891653197136937E-19,-3.891652688248832E-19
0.15,3.8916532792053415E-19,-3.8916526061814134E-19
0.151,3.891653313649967E-19,-3.891652571735802E-19
0.152,3.8916533046046905E-19,-3.8916525807805853E-19
0.153,3.891653261468297E-19,-3.8916526239187043E-19
0.154,3.8916531955897833E-19,-3.891652689796232E-19
0.155,3.8916531183440304E-19,-3.8916527670407523E-19
0.156,3.8916530398733245E-19,-3.8916528455129374E-19
0.157,3.8916529740189696E-19,-3.8916529113670457E-19
0.158,3.8916529235708217E-19,-3.8916529618151937E-19
0.159,3.8916528887401475E-19,-3.8916529966456213E-19
0.16,3.891652863937621E-19,-3.891653021447901E-19
0.161,3.8916528514958055E-19,-3.8916530338904563E-19
0.162,3.8916528506177047E-19,-3.891653034768557E-19
0.163,3.891652859100178E-19,-3.891653026285837E-19
0.164,3.8916528741526303E-19,-3.891653011232399E-19
0.165,3.891652892880681E-19,-3.8916529925045946E-19
0.166,3.891652912632772E-19,-3.891652972753243E-19
0.167,3.8916529299608415E-19,-3.891652955423941E-19
0.168,3.8916529436330336E-19,-3.8916529417519956E-19
0.169,3.8916529534484354E-19,-3.8916529319373334E-19
0.17,3.891652960733073E-19,-3.8916529246524494E-19
0.171,3.8916529648383543E-19,-3.8916529205474145E-19
0.17200000000000001,3.8916529658974E-19,-3.8916529194878757E-19
0.17300000000000001,3.891652964416067E-19,-3.891652920969948E-19
0.17400000000000002,3.891652961073269E-19,-3.891652924312746E-19
0.17500000000000002,3.8916529565959904E-19,-3.8916529287897784E-19
0.176,3.8916529516739914E-19,-3.891652933711038E-19
0.177,3.891652946896699E-19,-3.8916529384893162E-19
0.178,3.891652943117316E-19,-3.8916529422686995E-19
0.179,3.8916529403434836E-19,-3.891652945041792E-19
0.18,3.891652938543155E-19,-3.89165294684286E-19
0.181,3.891652937351482E-19,-3.8916529480337936E-19
0.182,3.8916529368919706E-19,-3.891652948493798E-19
0.183,3.891652937094856E-19,-3.891652948290913E-19
0.184,3.8916529378114866E-19,-3.8916529475740356E-19
0.185,3.891652938864616E-19,-3.891652946521153E-19
0.186,3.891652940077243E-19,-3.8916529453075397E-19
0.187,3.8916529412957867E-19,-3.8916529440902287E-19
0.188,3.89165294230331E-19,-3.8916529430827054E-19
0.189,3.891652943067026E-19,-3.891652942319236E-19
0.19,3.891652943586688E-19,-3.8916529417998203E-19
0.191,3.8916529439507966E-19,-3.891652941434972E-19
0.192,3.891652944124839E-19,-3.8916529412609297E-19
0.193,3.8916529441211413E-19,-3.8916529412641345E-19
0.194,3.891652943977174E-19,-3.891652941409334E-19
0.195,3.891652943734353E-19,-3.8916529416511694E-19
0.19500390625,-5.103068916538054E-15,-4.5904445968731515E-15
0.19500408443234718,-5.348277901126014E-15,-4.811115850166451E-15
0.19500428850352952,-5.6413053413692916E-15,-5.074490223445567E-15
0.19500449257471186,-5.938099292817761E-15,-5.3400008816976474E-15
0.1950046966458942,-6.242245554131734E-15,-5.611130068909258E-15
0.1950051047882589,-6.912667043758988E-15,-6.2111850933139936E-15
0.19500551293062357,-7.835756872773446E-15,-7.056115558498836E-15
0.19500592107298825,-9.503856777876136E-15,-8.634088221064932E-15
0.19500632921535294,-1.2710507997638594E-14,-1.1727510693882823E-14
0.19500673735771762,-1.804828795434277E-14,-1.6909059580278168E-14
0.1950071455000823,-2.5290749787702582E-14,-2.3927830421010103E-14
0.19500755364244698,-3.3383985394385873E-14,-3.170856904523566E-14
0.19500796178481167,-4.114490746604679E-14,-3.9055022001462176E-14
0.19500836992717635,-4.800920572329318E-14,-4.539729644503819E-14
0.19500877806954103,-5.421977786861406E-14,-5.0976182852142065E-14
0.1950095943542704,-6.799979071969736E-14,-6.314655074257443E-14
0.1950103290105268,-8.362640356559539E-14,-7.690869039698735E-14
0.19501106366678322,-1.0373564276263928E-13,-9.472387234645373E-14
0.19501179832303964,-1.2887893425882383E-13,-1.1710172995973167E-13
0.19501253297929605,-1.5938048271233837E-13,-1.443174709831837E-13
0.19501326763555246,-1.955292146869301E-13,-1.7660435445835498E-13
0.19501400229180887,-2.3756102367976833E-13,-2.141375013942546E-13
0.1950147369480653,-2.856362450871937E-13,-2.57013281612397E-13
0.1950154716043217,-3.3987630188035263E-13,-3.052873245890897E-13
0.1950162062605781,-4.0041331636996424E-13,-3.590245618456333E-13
0.19501694091683452,-4.674005697834218E-13,-4.183094007221959E-13
0.19501841022934738,-6.213075587995197E-13,-5.53714484624388E-13
0.19501973261060893,-7.827188774316187E-13,-6.946278439461756E-13
0.19502105499187047,-9.66082363063198E-13,-8.533614047349151E-13
0.19502237737313202,-1.1716485756468332E-12,-1.0296511014834773E-12
0.19502369975439357,-1.399400110069994E-12,-1.222919908943194E-12
0.19502502213565512,-1.6488802238181868E-12,-1.4321110665630834E-12
0.19502634451691667,-1.9193993808049808E-12,-1.655900052721176E-12
0.19502766689817821,-2.2102916737005486E-12,-1.892952145578486E-12
0.19502898927943976,-2.5209386535505516E-12,-2.141944651625937E-12
0.1950303116607013,-2.8506684060316535E-12,-2.4014650967624327E-12
0.19503295642322444,-3.562089390338527E-12,-2.9425936389170266E-12
0.19503533670949524,-4.258140506147162E-12,-3.4479106530887417E-12
0.19503771699576605,-5.002754315454198E-12,-3.961003201906408E-12
0.19504009728203686,-5.7912860046171996E-12,-4.4717365263251E-12
0.19504247756830767,-6.618689907631425E-12,-4.969289738116615E-12
0.19504485785457848,-7.480731399733737E-12,-5.443422531271643E-12
0.1950472381408493,-8.373665667387124E-12,-5.884152525662492E-12
0.1950496184271201,-9.293136618644217E-12,-6.28064572428655E-12
0.1950519987133909,-1.0233743799110947E-11,-6.620790519830644E-12
0.19505437899966171,-1.1189153177957103E-11,-6.8913208636020415E-12
0.1950591395722033,-1.3095604965657252E-11,-7.136564612650132E-12
0.19506342408749075,-1.4776219325025533E-11,-6.958883627662837E-12
0.1950677086027782,-1.6377890863577405E-11,-6.310634156647755E-12
0.19507199311806564,-1.785855050427622E-11,-5.101451527095668E-12
0.19507627763335308,-1.918484172078054E-11,-3.2478322969243886E-12
0.19508056214864053,-2.0330633913353497E-11,-6.717034485433998E-13
0.19508484666392797,-2.127519950386432E-11,2.7013217762149436E-12
0.19508913117921542,-2.200490911673751E-11,6.9401357732436976E-12
0.19509341569450286,-2.251388592507787E-11,1.2107483924084836E-11
0.1950977002097903,-2.2801810368669086E-11,1.8262253170495604E-11
0.1951062692403652,-2.2673516018018428E-11,3.389471177661938E-11
0.1951139813678826,-2.1822148178866344E-11,5.1943919933706603E-11
0.1951216934954,-2.035561316890245E-11,7.406983449372931E-11
0.19512940562291742,-1.8369182905684612E-11,1.0056167070550442E-10
0.19513711775043482,-1.5970074113414228E-11,1.3170452448720506E-10
0.19514482987795223,-1.3264149152279403E-11,1.6779051826719368E-10
0.19515254200546964,-1.0343023697992787E-11,2.091273808731243E-10
0.19516025413298704,-7.266288938518182E-12,2.5605109029853326E-10
0.19516796626050445,-4.051655299080379E-12,3.0893074055366737E-10
0.19517567838802186,-6.801653960424915E-13,3.681587705298244E-10
0.19519110264305664,7.040984362551768E-12,5.079032019936228E-10
0.19520498447258794,1.492990903696497E-11,6.589668322257653E-10
0.19521886630211924,2.3874096287324152E-11,8.35737563930712E-10
0.19523274813165054,3.416808609707529E-11,1.039741997559799E-9
0.19524662996118183,4.602991827122518E-11,1.272118899160662E-9
0.19526051179071313,5.957492553973827E-11,1.5335746988113886E-9
0.19527439362024443,7.4960575040637E-11,1.8245195539317395E-9
0.19528827544977573,9.255139369334845E-11,2.1452299755461345E-9
0.19530215727930703,1.1301413669124474E-10,2.4959438732747585E-9
0.19531603910883832,1.373368897961926E-10,2.876882442969884E-9
0.19534380276790095,2.0551748886759203E-10,3.729838674014167E-9
0.1953687900610573,2.93019920466884E-10,4.598295877823232E-9
0.19539377735421368,4.13791072876572E-10,5.5596195521536004E-9
0.19541876464737004,5.761544547419727E-10,6.610528258136065E-9
0.1954437519405264,7.876195192472074E-10,7.747037084038144E-9
0.19546873923368277,1.0548926165811545E-9,8.965411240087826E-9
0.19549372652683913,1.3836854157516408E-9,1.0262815141640192E-8
0.1955187138199955,1.7783804617830048E-9,1.1637641889414081E-8
0.19554370111315186,2.241885855010602E-9,1.3089829494198182E-8
0.19556868840630823,2.77565214559457E-9,1.462111373377981E-8
0.19561866299262093,4.0496383567091E-9,1.7938772559345353E-8
0.19566364012030238,5.4099758000954E-9,2.1231430211803518E-8
0.19570861724798383,6.946431005710517E-9,2.4846339147011795E-8
0.19575359437566528,8.630001604797251E-9,2.8809738099783555E-8
0.19579857150334673,1.0439172880947346E-8,3.314183874826897E-8
0.19584354863102818,1.2368344387765748E-8,3.7855851820078116E-8
0.19588852575870963,1.4427536195627515E-8,4.295387839503395E-8
0.19593350288639108,1.6636467658187667E-8,4.842374749403695E-8
0.19597848001407253,1.901763030231368E-8,5.4240643099595376E-8
0.196,2.0220977945946396E-8,5.7140955357751424E-8
0.19604303997185496,2.277090189792889E-8,6.314172705048337E-8
0.1960860799437099,2.5511034982875598E-8,6.9393673148239E-8
0.19617215988741982,3.1536515865388635E-8,8.259290723358504E-8
0.19625823983112972,3.8169269753193104E-8,9.675883162751839E-8
0.19634431977483963,4.521937186945125E-8,1.1194699686193352E-7
0.19643039971854953,5.250594324182836E-8,1.281598890269613E-7
0.19651647966225944,5.991332539893612E-8,1.452989662206466E-7
0.19660255960596934,6.739115578133157E-8,1.631780043257078E-7
0.19668863954967925,7.490772158784046E-8,1.815831753133464E-7
0.19677471949338915,8.239631019903054E-8,2.0033903848974525E-7
0.19686079943709905,8.973265459970779E-8,2.193418322250898E-7
0.197,1.0091136954806184E-7,2.50467798116458E-7
0.19713920056290096,1.108323866154451E-7,2.81980751623039E-7
0.19727840112580192,1.191080037240239E-7,3.135576976869189E-7
0.19741760168870287,1.2553422134011197E-7,3.447775303954076E-7
0.19755680225160382,1.2989102010660103E-7,3.752143629207415E-7
0.19769600281450478,1.3183272764027562E-7,4.0451237449592603E-7
0.19783520337740573,1.3092444152479295E-7,4.3235096100827707E-7
0.1979744039403067,1.267269107903957E-7,4.583587030496837E-7
0.198,1.256220443287255E-7,4.6297920021186326E-7
0.19805119211938665,1.227910185585142E-7,4.717763006008698E-7
0.19815357635815994,1.1550918169003093E-7,4.882838317121139E-7
0.19835834483570652,9.448954908869058E-8,5.164996742059851E-7
0.1985631133132531,6.274726450481696E-8,5.366680260545236E-7
0.19876788179079968,1.7539374107323097E-8,5.463794008455415E-7
0.19897265026834626,-4.356395146424077E-8,5.430106468988241E-7
0.199,-5.284964799885009E-8,5.416605548045035E-7
0.1990546994633075,-7.312093782539237E-8,5.374228620339497E-7
0.1991640983899225,-1.1789127430276397E-7,5.251783988196032E-7
0.19938289624315247,-2.2488753616405705E-7,4.84832030716102E-7
0.19960169409638245,-3.5876173037984917E-7,4.2020354020756023E-7
0.2,-6.814483933504048E-7,2.3029757980070037E-7
0.20039830590361757,-1.1207657813290964E-6,-6.830880455498203E-8
0.20079661180723513,-1.6895212621174885E-6,-4.898892166793712E-7
0.201,-2.0344814862489728E-6,-7.578879116352189E-7
0.20140677638552978,-2.8320063567197704E-6,-1.3972195995533996E-6
0.20181355277105956,-3.7791162263933208E-6,-2.182696513220479E-6
0.202,-4.266124794395467E-6,-2.59583236510285E-6
0.20237289445788093,-5.33529732204305E-6,-3.514696711772042E-6
0.20274578891576184,-6.530599672134331E-6,-4.559884578813074E-6
0.203,-7.41758906080168E-6,-5.346702436982935E-6
0.20350842216847637,-9.349795612577856E-6,-7.078729211421332E-6
0.20400000000000001,-1.1397233219326705E-5,-8.942758266807115E-6
0.2049831556630473,-1.5821760230765465E-5,-1.3027272457148443E-5
0.20500000000000002,-1.5898589124710186E-5,-1.3099212661351883E-5
0.20503368867390542,-1.6055931523631693E-5,-1.3249096830094678E-5
0.20510106602171624,-1.6369086667407397E-5,-1.3552510279258486E-5
0.20523582071733787,-1.6990687549962397E-5,-1.4153751106288929E-5
0.20550533010858113,-1.82558085983223E-5,-1.5341864893227933E-5
0.20600000000000002,-2.0589865877707542E-5,-1.752014460679235E-5
0.2069893397828378,-2.512761910431326E-5,-2.1779581196042945E-5
0.20700000000000002,-2.5170783595270774E-5,-2.1819951876976603E-5
0.20702132043432447,-2.526256742486888E-5,-2.1906237426597832E-5
0.2070639613029734,-2.5457892660624513E-5,-2.2090816564206917E-5
0.2071492430402712,-2.5843187131408605E-5,-2.2454912497908115E-5
0.20731980651486687,-2.659019452293847E-5,-2.315693403606398E-5
0.20766093346405817,-2.8053640539985697E-5,-2.4526156267573326E-5
0.20800000000000002,-2.9454289225750696E-5,-2.5834627123937782E-5
0.2086781330718837,-3.2053059526793345E-5,-2.825380478423644E-5
0.209,-3.318326568709235E-5,-2.9299781284698624E-5
0.20964373385623256,-3.52493142880663E-5,-3.119723535997345E-5
0.21,-3.6270647176236365E-5,-3.21261673254722E-5
0.21071253228753486,-3.807380952639038E-5,-3.3744097403177545E-5
0.211,-3.869875086555772E-5,-3.4294939451634806E-5
0.21157493542493025,-3.979609469167153E-5,-3.5242260131787014E-5
0.212,-4.046233486878413E-5,-3.5797800097844325E-5
0.21285012915013948,-4.1480840152480425E-5,-3.659274067877347E-5
0.213,-4.160376718340448E-5,-3.667781924504966E-5
0.21329974169972102,-4.183024667824898E-5,-3.682400891302524E-5
0.21389922509916307,-4.213824825541557E-5,-3.697205227469339E-5
0.214,-4.2166347058195065E-5,-3.697435822359879E-5
0.21420154980167386,-4.222066884702235E-5,-3.6975052145789115E-5
0.21460464940502158,-4.2270766217853935E-5,-3.6916588309405054E-5
0.215,-4.2253343533523856E-5,-3.6793023827151865E-5
0.21579070118995683,-4.20538078255441E-5,-3.6380246684931895E-5
0.216,-4.195168707715193E-5,-3.622382756671475E-5
0.21641859762008633,-4.171611056805115E-5,-3.58731668062889E-5
0.217,-4.129897208038705E-5,-3.529842956704113E-5
0.218,-4.040099515843342E-5,-3.412973329886882E-5
0.219,-3.926047907952762E-5,-3.271909329380753E-5
0.22,-3.789008022974608E-5,-3.107739812916225E-5
0.221,-3.629560284425476E-5,-2.9210709918760062E-5
0.222,-3.447430090758861E-5,-2.7115228488758594E-5
0.223,-3.241508094320141E-5,-2.4778610021880922E-5
0.224,-3.0103701543557695E-5,-2.2185343642318897E-5
0.225,-2.7527351400883065E-5,-1.9321313168026762E-5
0.226,-2.4676726616607112E-5,-1.6175940609767375E-5
0.227,-2.1547076909616495E-5,-1.2743283284170816E-5
0.228,-1.8139402904396393E-5,-9.02325140995355E-6
0.229,-1.4461444628295888E-5,-5.0225906458880275E-6
0.23,-1.0527793260642262E-5,-7.549822052077375E-7
0.231,-6.359152054411215E-6,3.7596958435879256E-6
0.232,-1.9812319404718948E-6,8.496461293319713E-6
0.233,2.5763787490171858E-6,1.3426343657931081E-5
0.234,7.2813209531651275E-6,1.8517478254554895E-5
0.23500000000000001,1.2099558213267067E-5,2.3736189692993414E-5
0.23600000000000002,1.6996374327448403E-5,2.9047984188303698E-5
0.23700000000000002,2.193716146988659E-5,3.441833918256705E-5
0.23800000000000002,2.68879542679578E-5,3.981324562902025E-5
0.23900000000000002,3.181574016744397E-5,4.519952987055986E-5
0.24,3.6688596914952794E-5,5.054500146894252E-5
0.241,4.147569697698873E-5,5.5818463534942214E-5
0.242,4.614721480352812E-5,6.09896200918893E-5
0.243,5.067418026050716E-5,6.60289239873327E-5
0.244,5.502832389272074E-5,7.090741246935971E-5
0.245,5.918195009818367E-5,7.55965690198146E-5
0.246,6.310785999202417E-5,8.006823615114831E-5
0.247,6.677933451557365E-5,8.429459241853703E-5
0.248,7.017018092640991E-5,8.824819851639774E-5
0.249,7.325483958799388E-5,9.190211001481002E-5
0.25,7.600854203022011E-5,9.5230047279481E-5
0.251,7.840750698703684E-5,9.820660817440121E-5
0.252,8.042915941549927E-5,1.0080750705836199E-4
0.253,8.20523579220637E-5,1.0300982394447029E-4
0.254,8.325761760990776E-5,1.0479224952318096E-4
0.255,8.402731762711707E-5,1.0613531437631202E-4
0.256,8.434588542037156E-5,1.0702159376719655E-4
0.257,8.419995273290003E-5,1.0743588276662056E-4
0.258,8.357848139052462E-5,1.0736533953363677E-4
0.259,8.247285934346585E-5,1.067995971101199E-4
0.26,8.087696942111382E-5,1.0573084595868424E-4
0.261,7.878723439713829E-5,1.041538905955635E-4
0.262,7.620264258982948E-5,1.0206618427078575E-4
0.263,7.312475823223388E-5,9.946784566253804E-5
0.264,6.955772033996003E-5,9.63616611797738E-5
0.265,6.550823302958232E-5,9.275307583244893E-5
0.266,6.098554923241427E-5,8.86501748118048E-5
0.267,5.600144877665643E-5,8.406365708248272E-5
0.268,5.057021091459807E-5,7.900680153346586E-5
0.269,4.47085806033979E-5,7.349542555880675E-5
0.27,3.843572736570745E-5,6.754783546709595E-5
0.271,3.177319525827192E-5,6.11847677844217E-5
0.272,2.474484240122879E-5,5.442932044336449E-5
0.273,1.7376768594753317E-5,4.7306872885673895E-5
0.274,9.697229844510963E-6,3.984499429695795E-5
0.275,1.7365388779722046E-6,3.207333951850064E-5
0.276,-6.473048816825477E-6,2.4023532490032723E-5
0.277,-1.4897463574203157E-5,1.5729037449726396E-5
0.278,-2.3500964467834673E-5,7.225018461242544E-6
0.279,-3.2246295939744596E-5,-1.4518119170643662E-6
0.28,-4.109485722600739E-5,-1.026335377435697E-5
0.281,-5.0006883426306076E-5,-1.9170289635481175E-5
0.28200000000000003,-5.894163681307782E-5,-2.813226164526464E-5
0.28300000000000003,-6.785760693325468E-5,-3.710805494007777E-5
0.28400000000000003,-7.671271785374828E-5,-4.6055785950301076E-5
0.28500000000000003,-8.546454092293876E-5,-5.493309452817008E-5
0.28600000000000003,-9.407051137174868E-5,-6.369733882758896E-5
0.28700000000000003,-1.0248814708776338E-4,-7.230579187957747E-5
0.28800000000000003,-1.1067526789654974E-4,-8.071583902335804E-5
0.289,-1.1859021377288656E-4,-8.888517519809423E-5
0.29,-1.2619206039387633E-4,-9.677200135683843E-5
0.291,-1.3344083056021118E-4,-1.043352190553213E-4
0.292,-1.4029770007662444E-4,-1.1153462251782369E-4
0.293,-1.4672519675674057E-4,-1.1833108726524381E-4
0.294,-1.5268739139444147E-4,-1.2468675459530783E-4
0.295,-1.581500796366585E-4,-1.3056521102641598E-4
0.296,-1.631024193621271E-4,-1.3597229981259298E-4
0.297,-1.6755415347641679E-4,-1.4098061927101573E-4
0.298,-1.7138768059917408E-4,-1.4545717062652364E-4
0.299,-1.743873241835008E-4,-1.4916257438994608E-4
0.3,-1.7631003601463436E-4,-1.518301365237611E-4
0.301,-1.7692279542862267E-4,-1.531935074299505E-4
0.302,-1.7604296316923237E-4,-1.5303180109761308E-4
0.303,-1.735943400199021E-4,-1.5123046735198158E-4
0.304,-1.6965423011142686E-4,-1.4783163851260646E-4
0.305,-1.644737746915306E-4,-1.4305812671406692E-4
0.306,-1.584157184589684E-4,-1.37274834545586E-4
0.307,-1.517025892542028E-4,-1.3078031297316522E-4
0.308,-1.4454674221808534E-4,-1.2380463287880745E-4
0.309,-1.3713864837548023E-4,-1.1654985402875621E-4
0.31,-1.2960031146162614E-4,-1.0915373169067405E-4
0.311,-1.2198729898161252E-4,-1.0167906236818562E-4
0.312,-1.1431104452467797E-4,-9.41361115549405E-5
0.313,-1.0655792913338152E-4,-8.650405885807927E-5
0.314,-9.869694057899545E-5,-7.874085245427112E-5
0.315,-9.068438566653403E-5,-7.079051823775592E-5
0.316,-8.247285424963988E-5,-6.259462580863323E-5
0.317,-7.402191572667902E-5,-5.4104663424446586E-5
0.318,-6.530536218764607E-5,-4.528986448806491E-5
0.319,-5.63139520510722E-5,-3.613965789651605E-5
0.32,-4.705578523831258E-5,-2.666322661377951E-5
0.321,-3.7555804352062266E-5,-1.688797263124653E-5
0.322,-2.7854229131631103E-5,-6.856982484738927E-6
0.323,-1.8003516847983625E-5,3.3746653572280794E-6
0.324,-8.064292488105251E-6,1.374420050520575E-5
0.325,1.8988378242823511E-6,2.4185219819596038E-5
0.326,1.1820953989903626E-5,3.463103005549306E-5
0.327,2.1639764410760765E-5,4.501723316203271E-5
0.328,3.129777095359221E-5,5.528362609068249E-5
0.329,4.074358773020065E-5,6.53754187336722E-5
0.33,4.993239879319544E-5,7.52437679183704E-5
0.331,5.8825682358005366E-5,8.484571059676899E-5
0.332,6.73904354670414E-5,9.414364989928509E-5
0.333,7.559813988430863E-5,1.0310455268830454E-4
0.334,8.342366071994664E-5,1.1169899181981066E-4
0.335,9.084421767041606E-5,1.1990015127979342E-4
0.336,9.783852860462822E-5,1.2768290649356473E-4
0.337,1.0438618429721436E-4,1.350230757750058E-4
0.338,1.1046726900288545E-4,1.4189690601871738E-4
0.339,1.1606220679140009E-4,1.4828081708347096E-4
0.34,1.2115179489118576E-4,1.541513955013122E-4
0.341,1.2571737954691561E-4,1.5948560218106977E-4
0.342,1.2974113095550778E-4,1.642611402863526E-4
0.343,1.3320637619565392E-4,1.6845691921672616E-4
0.34400000000000003,1.3609795353550225E-4,1.7205354987346374E-4
0.34500000000000003,1.3840255701400624E-4,1.7503381482286608E-4
0.34600000000000003,1.4010904628875389E-4,1.7738307136941573E-4
0.34700000000000003,1.4120870310469023E-4,1.790895621242546E-4
0.34800000000000003,1.416954219359489E-4,1.8014462351039536E-4
0.34900000000000003,1.4156582901549472E-4,1.8054279564155135E-4
0.35000000000000003,1.408193306136577E-4,1.8028184629895997E-4
0.35100000000000003,1.3945809815767455E-4,1.7936272678325337E-4
0.352,1.3748700230158792E-4,1.777894787949931E-4
0.353,1.3491351135005568E-4,1.7556911003782454E-4
0.354,1.3174757030663242E-4,1.727114534011418E-4
0.355,1.2800147528143832E-4,1.69229020846907E-4
0.356,1.2368975520576442E-4,1.6513686001951022E-4
0.357,1.188290683866262E-4,1.604524182847152E-4
0.358,1.1343811718866805E-4,1.5519541693678578E-4
0.359,1.0753757993372214E-4,1.4938773607677674E-4
0.36,1.0115005596405408E-4,1.430533094298244E-4
0.361,9.430001806681222E-5,1.362180269398744E-4
0.362,8.701376548696238E-5,1.2890964222194573E-4
0.363,7.931937150984156E-5,1.2115768109836889E-4
0.364,7.12466203116463E-5,1.1299334737920746E-4
0.365,6.282692943989504E-5,1.0444942209509797E-4
0.366,5.409325582680924E-5,9.556015308914007E-5
0.367,4.507998458449375E-5,8.6361132912334E-5
0.368,3.582280084649808E-5,7.688916404584648E-5
0.369,2.6358546044734366E-5,6.718211189194606E-5
0.37,1.672506015751654E-5,5.727874692262533E-5
0.371,6.961012276224948E-6,4.721857827457224E-5
0.372,-2.8942784900745644E-6,3.704168148106757E-5
0.373,-1.280102891645235E-5,2.678852315601138E-5
0.374,-2.2719182225169887E-5,1.649978527822754E-5
0.375,-3.260860061172349E-5,6.216191060365306E-6
0.376,-4.242925744671333E-5,-4.021665739498137E-6
0.377,-5.214142702236746E-5,-1.4173487071465762E-5
0.378,-6.170586990299903E-5,-2.4199431674178096E-5
0.379,-7.108401237355261E-5,-3.4060270631783296E-5
0.38,-8.02381187919865E-5,-4.37175371042417E-5
0.381,-8.913145585535617E-5,-5.313367039718603E-5
0.382,-9.772844834178909E-5,-6.22721540127491E-5
0.383,-1.0599482579929514E-4,-7.109764792782858E-5
0.384,-1.1389775997878299E-4,-7.957611478945012E-5
0.385,-1.2140599275289182E-4,-8.767494004336546E-5
0.386,-1.2848995449353875E-4,-9.53630457880307E-5
0.387,-1.351218725797361E-4,-1.0261099831469778E-4
0.388,-1.4127587005990233E-4,-1.0939110899220103E-4
0.389,-1.4692805425810945E-4,-1.1567752848674895E-4
0.39,-1.5205659541552528E-4,-1.2144633405219811E-4
0.391,-1.5664179534003245E-4,-1.2667560964173957E-4
0.392,-1.6066614628396265E-4,-1.3134551873427228E-4
0.393,-1.6411438038230718E-4,-1.3543836962558176E-4
0.394,-1.669735100154543E-4,-1.389386730892405E-4
0.395,-1.6923285957951527E-4,-1.418331922608436E-4
0.396,-1.7088408922934402E-4,-1.441109847307373E-4
0.397,-1.7192121108614358E-4,-1.457634369362408E-4
0.398,-1.7234059850694864E-4,-1.467842907568824E-4
0.399,-1.7214098879938177E-4,-1.4716966266138263E-4
0.4,-1.7132347980116687E-4,-1.4691805532096716E-4
0.401,-1.698915206257574E-4,-1.4603036202394463E-4
0.402,-1.6785089672558714E-4,-1.445098638545185E-4
0.403,-1.6520970924477796E-4,-1.4236221989381132E-4
0.404,-1.619783487504542E-4,-1.3959545026219294E-4
0.405,-1.5816946295055213E-4,-1.3621991228100934E-4
0.406,-1.5379791825026684E-4,-1.3224826946725554E-4
0.40700000000000003,-1.4888075468405277E-4,-1.2769545336289642E-4
0.40800000000000003,-1.4343713380875808E-4,-1.2257861814711762E-4
0.40900000000000003,-1.3748827905082223E-4,-1.1691708768654663E-4
0.41000000000000003,-1.310574080859491E-4,-1.1073229518057323E-4
0.41100000000000003,-1.2416965672803516E-4,-1.0404771491443095E-4
0.41200000000000003,-1.1685199401984675E-4,-9.68887863441216E-5
0.41300000000000003,-1.0913312816555193E-4,-8.92828302040162E-5
0.41400000000000003,-1.0104340326351144E-4,-8.125895674036474E-5
0.41500000000000004,-9.261468667944722E-5,-7.284796610720554E-5
0.41525,-9.042304609101215E-5,-7.074849493514737E-5
0.41575,-8.604735520429882E-5,-6.622152598638117E-5
0.41600000000000004,-8.384094022796662E-5,-6.402761562931264E-5
0.416125,-8.269784240764674E-5,-6.290472176097642E-5
0.41637500000000005,-8.045119762779135E-5,-6.063106102354235E-5
0.4168750000000001,-7.593096673366023E-5,-5.6047068360452756E-5
0.417,-7.480069964797831E-5,-5.4914686484192066E-5
0.41724999999999973,-7.24836585709425E-5,-5.2569036431075744E-5
0.41774999999999923,-6.785452526274216E-5,-4.786764723249681E-5
0.418,-6.552559900445745E-5,-4.550348276868843E-5
0.41812500000000036,-6.434534805772885E-5,-4.430240160358673E-5
0.4183750000000011,-6.198622537769219E-5,-4.1897143540553516E-5
0.4188750000000026,-5.724666800460687E-5,-3.7064480708979414E-5
0.419,-5.607208007251882E-5,-3.586238957001622E-5
0.41924999999999474,-5.366477397093783E-5,-3.340328429278158E-5
0.41974999999998425,-4.886886113997235E-5,-2.84948415294195E-5
0.42,-4.647322259346623E-5,-2.6029348028845656E-5
0.42050000000003146,-4.162526638023731E-5,-2.1053469595390395E-5
0.421,-3.676806403887442E-5,-1.6046153159227083E-5
0.42199999999993704,-2.698952705214308E-5,-5.951534239996559E-6
0.422,-2.6989527047910356E-5,-5.9515342404059535E-6
0.4220000000001259,-2.6989527049339768E-5,-5.951534237991218E-6
0.4220000000003777,-2.698952704907609E-5,-5.951534235465461E-6
0.4220000000008813,-2.69895270466336E-5,-5.9515342343899325E-6
0.4220000000018885,-2.698952704310864E-5,-5.951534227138788E-6
0.42200000000390286,-2.6989527033172145E-5,-5.951534216883103E-6
0.42200000000793164,-2.698952701570001E-5,-5.951534196142749E-6
0.4220000000159892,-2.698952697863244E-5,-5.951534155688998E-6
0.4220000000321043,-2.698952690045192E-5,-5.951534073324327E-6
0.4220000000643345,-2.698952675204286E-5,-5.951533915297957E-6
0.42200000012879496,-2.6989526448056855E-5,-5.951533594471259E-6
0.42200000025771583,-2.698952584184039E-5,-5.95153295609302E-6
0.4220000005155576,-2.698952463327242E-5,-5.951531676484656E-6
0.4220000010312411,-2.698952221296541E-5,-5.951529114894827E-6
0.42200000206260807,-2.698951737549471E-5,-5.951523994171537E-6
0.42200000412534205,-2.6989507703641114E-5,-5.951513752530668E-6
0.42200000825081,-2.6989488359302483E-5,-5.951493271351416E-6
0.42200001650174596,-2.6989449687035705E-5,-5.951452307799421E-6
0.4220000330036178,-2.6989372445919424E-5,-5.9513703652980254E-6
0.42200006600736156,-2.6989218420377104E-5,-5.951206298503153E-6
0.42200013201484904,-2.6988911551686923E-5,-5.950877792544607E-6
0.422000264029824,-2.6988295951976826E-5,-5.950225788926844E-6
0.4220005280597739,-2.698707232678954E-5,-5.948924626013319E-6
0.4220010561196737,-2.698458379941926E-5,-5.9464185036828265E-6
0.4220021122394733,-2.6978494721760504E-5,-5.942988261141424E-6
0.42200422447907254,-2.696733470515522E-5,-5.93735001236384E-6
0.422008448958271,-2.6958406764060472E-5,-5.920766367545349E-6
0.4220168979166679,-2.694704786661284E-5,-5.878512097733102E-6
0.42203379583346173,-2.6834482022362882E-5,-5.7226750939734505E-6
0.4220675916670494,-2.646514507824438E-5,-5.291912404989385E-6
0.4221351833342247,-2.5797347575455543E-5,-4.5422425938232425E-6
0.42227036666857526,-2.452062039329933E-5,-3.2346553520065657E-6
0.42254073333727643,-2.203958451730409E-5,-7.043209533583172E-7
0.423,-1.798609034755344E-5,3.508140471883414E-6
0.42345926666272354,-1.3780683240587066E-5,7.844570982032395E-6
0.4239185333254471,-9.577847054048627E-6,1.2230699527659983E-5
0.424,-8.091057631408327E-6,1.351005957538759E-5
0.42416293334910576,-6.980494332738119E-6,1.4638535445227197E-5
0.4244888000473173,-3.8070558678257593E-6,1.8251784776754376E-5
0.42461660003548796,-2.4268865778248605E-6,1.9808681908602133E-5
0.4248722000118293,1.8715338630237444E-7,2.2438743504438197E-5
0.425,1.4763557713501352E-6,2.3709039731104053E-5
0.4252555999763414,3.9804064472862E-6,2.6340134836537465E-5
0.4253833999645121,5.1904018078807734E-6,2.7663307517362956E-5
0.42563899994085347,7.639384868356192E-6,3.025247747409643E-5
0.4257292499556401,8.503284759722729E-6,3.1156207493214516E-5
0.42590974998521336,1.0243583578053994E-5,3.2972147842272315E-5
0.426,1.1112692476666908E-5,3.3888866820999675E-5
0.42618050002957325,1.2869594080075486E-5,3.5750105274172383E-5
0.42654150008871977,1.6469322846643375E-5,3.9549895529740475E-5
0.4266561250665398,1.7624776199876013E-5,4.078580185241931E-5
0.42688537502217994,1.997567641504744E-5,4.325375590349262E-5
0.427,2.115483128013046E-5,4.4492503288251495E-5
0.4272292499556401,2.3503556755954946E-5,4.696405745898552E-5
0.42734387493346015,2.46661592770564E-5,4.820002697335929E-5
0.42757312488910026,2.69742960818109E-5,5.064036787339604E-5
0.4276798436668252,2.803477431026491E-5,5.1767669189760335E-5
0.42789328122227505,3.0131618591194842E-5,5.398773993898348E-5
0.428,3.1162551970720376E-5,5.50873264914889E-5
0.4282134375554499,3.3196500098038595E-5,5.7254166554131236E-5
0.42832015633317483,3.4196721446215494E-5,5.832852715437209E-5
0.4285335938886247,3.618137152731904E-5,6.045296726742838E-5
0.4289604689995245,4.012643049960962E-5,6.46841802747905E-5
0.429,4.048786697988249E-5,6.508798336606753E-5
0.429079062000951,4.1198660374684726E-5,6.587533798307205E-5
0.42923718600285293,4.2657241123525425E-5,6.744113313081335E-5
0.42955343400665685,4.561304061890398E-5,7.058608120522059E-5
0.43,4.978204663669272E-5,7.50680936825246E-5
0.4308931319866863,5.793842004203284E-5,8.385925031386202E-5
0.431,5.886515326387898E-5,8.497547647998843E-5
0.43121373602662744,6.07417392845741E-5,8.696590346539065E-5
0.4316412080798823,6.446916989499493E-5,9.092244832936344E-5
0.432,6.74628626078852E-5,9.42129742992695E-5
0.43271758384023534,7.332229243982996E-5,1.0063428164177116E-4
0.433,7.557516452343094E-5,1.0314338344244792E-4
0.4331412080798823,7.669563196159926E-5,1.0435831008802007E-4
0.433423624239647,7.89533960761854E-5,1.0679593246066404E-4
0.4335648323195293,8.007101047120824E-5,1.0802883249130812E-4
0.43384724847929396,8.22738082192874E-5,1.1045856190010014E-4
0.434,8.34610455229777E-5,1.1176610196999073E-4
0.4343055030414121,8.579739810221296E-5,1.1432474884929059E-4
0.43491650912423624,9.031297584394943E-5,1.1930477568415296E-4
0.435,9.093238156565597E-5,1.2000726099845038E-4
0.4351669817515275,9.207780295790446E-5,1.2128543493070826E-4
0.43550094525458255,9.440842203164643E-5,1.2385924860466163E-4
0.4356257089409369,9.52739208831925E-5,1.2481960613972692E-4
0.4358752363136456,9.694856617492933E-5,1.266956584797599E-4
0.436,9.778489366330315E-5,1.2763413287926115E-4
0.4362495273727088,9.943438302184929E-5,1.2947782531494423E-4
0.43674858211812634,1.0268924723670983E-4,1.3311918177071752E-4
0.437,1.043044956716456E-4,1.3492874599320762E-4
0.4375028357637473,1.0742394539679442E-4,1.3844102365639585E-4
0.438,1.1039191386569974E-4,1.4179666382483844E-4
0.43899432847250536,1.1593531127359127E-4,1.481325710434335E-4
0.439,1.160220291035706E-4,1.482117634888057E-4
0.4390113430549893,1.1618609117857934E-4,1.4837106781087975E-4
0.43903402916496787,1.1637297398888954E-4,1.4856084848713022E-4
0.439079401384925,1.164506899114931E-4,1.4864454338698804E-4
0.4391701458248393,1.1679191223573117E-4,1.4903839640093355E-4
0.4393516347046679,1.1775739048280366E-4,1.502043594128026E-4
0.43971461246432514,1.1957478230959981E-4,1.5236561841463353E-4
0.44,1.2096422593910021E-4,1.5394268945578826E-4
0.44057077507134973,1.2362919476186472E-4,1.5704345704622112E-4
0.441,1.255427609936112E-4,1.5927592726721652E-4
0.44185844985730055,1.2903607515144834E-4,1.634497246308722E-4
0.442,1.2967648431080718E-4,1.6407303850455267E-4
0.4422831002853989,1.3060285885117644E-4,1.652826909074468E-4
0.4428493008561967,1.324914774489122E-4,1.6765037533587011E-4
0.443,1.3302708174711686E-4,1.6822660285109765E-4
0.44330139828760656,1.3391621996479766E-4,1.6934748947316364E-4
0.44345209743140984,1.3436384690686427E-4,1.6990946424163753E-4
0.4437534957190164,1.351979106268301E-4,1.7097194665864363E-4
0.444,1.3586732796359944E-4,1.7179836977360748E-4
0.4444930085619672,1.3707844117174291E-4,1.733633262258642E-4
0.445,1.3819328514977965E-4,1.7480276435499938E-4
0.446,1.3992588935505092E-4,1.7722078756743712E-4
0.447,1.4109762237500371E-4,1.7896013070375482E-4
0.448,1.4163502094395163E-4,1.8007297475416636E-4
0.449,1.415649583918114E-4,1.805357043003213E-4
0.45,1.4086892141696117E-4,1.803283439100105E-4
0.451,1.3953735233615807E-4,1.7944309624190642E-4
0.452,1.3757826887799072E-4,1.778858536571497E-4
0.453,1.3500597445428874E-4,1.7566958046954942E-4
0.454,1.3183372974075202E-4,1.7280684453759758E-4
0.455,1.280745379021891E-4,1.693107644324724E-4
0.456,1.2374458826092637E-4,1.6519846801389682E-4
0.457,1.1886380229855428E-4,1.6049127673954493E-4
0.458,1.1345392423209224E-4,1.552125463478906E-4
0.459,1.0753725377630509E-4,1.4938630518918777E-4
0.46,1.0113698221293939E-4,1.4303747120372745E-4
0.461,9.427790713924071E-5,1.3619241698699033E-4
0.462,8.698653493806503E-5,1.2887900766680484E-4
0.463,7.929077945290422E-5,1.2112634875829573E-4
0.464,7.121982072904806E-5,1.1296473234634341E-4
0.465,6.280422538660832E-5,1.0442581846260152E-4
0.466,5.4076075118422023E-5,9.554279174560018E-5
0.467,4.506894573652956E-5,8.63503491881773E-5
0.468,3.581779584925157E-5,7.688457845522051E-5
0.46900000000000003,2.6358860977921533E-5,6.718281983896304E-5
0.47000000000000003,1.672955600541884E-5,5.7283525099888905E-5
0.47100000000000003,6.968337785403372E-6,4.722608344545978E-5
0.47200000000000003,-2.8854902439021113E-6,3.705060924077963E-5
0.47300000000000003,-1.2792008703882418E-5,2.6797716441033514E-5
0.47400000000000003,-2.2710921422940122E-5,1.650830235280093E-5
0.47500000000000003,-3.260179393219098E-5,6.223343993139174E-6
0.47600000000000003,-4.242428998218334E-5,-4.016298421921638E-6
0.47700000000000004,-5.213840098041572E-5,-1.4170072325299377E-5
0.47800000000000004,-6.170465970482819E-5,-2.4197914465409753E-5
0.47900000000000004,-7.108433305118289E-5,-3.40604205106218E-5
0.48,-8.023959487771237E-5,-4.3719002463527E-5
0.481,-8.913368235911184E-5,-5.313603507817177E-5
0.482,-9.773103912132791E-5,-6.227499139561943E-5
0.483,-1.0599744748940321E-4,-7.110056734736109E-5
0.484,-1.1390015160257436E-4,-7.957879616021096E-5
0.485,-1.2140797312422055E-4,-8.767715446264188E-5
0.486,-1.2849142034103075E-4,-9.536466200558286E-5
0.487,-1.3512279045625394E-4,-1.0261197686683293E-4
0.488,-1.4127626441212682E-4,-1.0939148694769779E-4
0.489,-1.4692799349324062E-4,-1.1567739865375043E-4
0.49,-1.5205617725318893E-4,-1.2144582220832527E-4
0.491,-1.5664113253075276E-4,-1.2667485321396846E-4
0.492,-1.6066535354273062E-4,-1.313446492040883E-4
0.493,-1.6411356323180193E-4,-1.3543749990259195E-4
0.494,-1.6697275619456664E-4,-1.3893789014120337E-4
0.495,-1.6923223345984353E-4,-1.4183255442644892E-4
0.496,-1.7088362941846237E-4,-1.441105227797312E-4
0.497,-1.71920931129155E-4,-1.4576315761335437E-4
0.498,-1.7234049016233584E-4,-1.4678418181894365E-4
0.499,-1.7214102717918512E-4,-1.471696983748734E-4
0.5,-1.7132362947648233E-4,-1.469182018528861E-4
