% Model,Annika's plate model_modified_2ndrot.mph
% Version,COMSOL 5.1.0.145
% Date,"Jun 30 2015, 12:37"
% Table,Probe Table 1 - 
% t,"Strain tensor, XX component (1), Point Probe Expression 4","Strain tensor, XX component (1), Point Probe Expression 21"
0,2.1267557862550463E-18,-2.126755786255293E-18
0.001,-4.155160713608507E-19,4.155160722986614E-19
0.002,-4.4435815928621535E-19,4.443581593205014E-19
0.003,-4.2228035064657773E-19,4.222803507073541E-19
0.004,-4.290117812285955E-19,4.2901178129154006E-19
0.005,-4.2930015091895665E-19,4.2930015097396034E-19
0.006,-4.29271756916116E-19,4.2927175695772595E-19
0.007,-4.292700532296307E-19,4.2927005325704054E-19
0.008,-4.2927017251557296E-19,4.2927017252965844E-19
0.009000000000000001,-4.292701820806803E-19,4.2927018208338175E-19
0.01,-4.2927018160787225E-19,4.2927018160193335E-19
0.011,-4.292701815593934E-19,4.292701815479321E-19
0.012,-4.2927018156296524E-19,4.292701815489438E-19
0.013000000000000001,-4.292701815638144E-19,4.292701815496849E-19
0.014,-4.2927018156337426E-19,4.2927018155094753E-19
0.015,-4.292701815622211E-19,4.2927018155257254E-19
0.016,-4.2927018156068234E-19,4.2927018155425753E-19
0.017,-4.2927018155905334E-19,4.2927018155579664E-19
0.018000000000000002,-4.29270181557607E-19,4.2927018155702673E-19
0.019,-4.2927018155646783E-19,4.2927018155789793E-19
0.02,-4.292701815557041E-19,4.2927018155842496E-19
0.021,-4.292701815553418E-19,4.292701815586509E-19
0.022,-4.2927018155530327E-19,4.29270181558617E-19
0.023,-4.2927018155549615E-19,4.292701815584113E-19
0.024,-4.292701815558561E-19,4.292701815580983E-19
0.025,-4.292701815562635E-19,4.2927018155775146E-19
0.026000000000000002,-4.2927018155666393E-19,4.2927018155741047E-19
0.027,-4.292701815569958E-19,4.2927018155711792E-19
0.028,-4.292701815572523E-19,4.292701815568967E-19
0.029,-4.292701815574028E-19,4.29270181556754E-19
0.03,-4.366390858666473E-19,4.366390859138192E-19
0.031,-4.612376526169472E-19,4.61237652710212E-19
0.032,-5.016978220516704E-19,5.016978221445456E-19
0.033,-3.2482769481429266E-19,3.24827694482886E-19
0.034,-7.545668232247287E-19,7.545668227626525E-19
0.035,-1.833783329100298E-19,1.8337833342428501E-19
0.036000000000000004,-4.63620592011144E-19,4.636205917886886E-19
0.037,-5.704186726003801E-19,5.704186727325755E-19
0.038,-4.353348956462968E-19,4.353348956474859E-19
0.039,-4.613689252795493E-19,4.613689249792846E-19
0.04,-4.688501159907962E-19,4.688501154602242E-19
0.041,-4.798891730373483E-19,4.798891722507919E-19
0.042,-4.920277993890945E-19,4.920277985713485E-19
0.043000000000000003,-5.011831314516701E-19,5.011831307934401E-19
0.044,-5.059503999876555E-19,5.05950399607E-19
0.045,-5.068234419414398E-19,5.068234418458646E-19
0.046,-5.050441909089085E-19,5.050441910349561E-19
0.047,-5.019748100492266E-19,5.019748103272596E-19
0.048,-4.987671519789443E-19,4.987671523329856E-19
0.049,-4.961919079132564E-19,4.961919082732538E-19
0.05,-4.946025978632896E-19,4.946025981697172E-19
0.051000000000000004,-4.937128949522084E-19,4.937128951830572E-19
0.052000000000000005,-4.936870689495202E-19,4.936870690844522E-19
0.053,-4.943871006889849E-19,4.943871007262477E-19
0.054,-4.95504159273958E-19,4.955041592265282E-19
0.055,-4.966763453170366E-19,4.966763452053001E-19
0.056,-4.974004004038424E-19,4.974004002766254E-19
0.057,-4.976560535405588E-19,4.976560534218409E-19
0.058,-4.97553531734852E-19,4.975535316417721E-19
0.059000000000000004,-4.972788750682066E-19,4.972788750033328E-19
0.06,-4.96871045005166E-19,4.968710449727246E-19
0.061,-4.964396068267158E-19,4.964396068260796E-19
0.062,-4.961627265685497E-19,4.961627265884235E-19
0.063,-4.960549889301258E-19,4.960549889596771E-19
0.064,-4.960800642291107E-19,4.960800642592817E-19
0.065,-4.961705283113181E-19,4.961705283393803E-19
0.066,-4.963138110270725E-19,4.963138110497211E-19
0.067,-4.964704166394754E-19,4.964704166544627E-19
0.068,-4.965757796109285E-19,4.965757796187016E-19
0.069,-4.9662024446210935E-19,4.966202444645461E-19
0.07,-4.966156125549284E-19,4.966156125536361E-19
0.07100000000000001,-4.965862492164787E-19,4.965862492124351E-19
0.07200000000000001,-4.965361285821578E-19,4.965361285765867E-19
0.073,-4.964794454759836E-19,4.964794454698644E-19
0.074,-4.964395304407855E-19,4.964395304351089E-19
0.075,-4.964214749948687E-19,4.964214749900086E-19
0.076,-4.964215149971735E-19,4.964215149930002E-19
0.077,-4.964308712365217E-19,4.964308712333435E-19
0.078,-4.964483207868854E-19,4.964483207849679E-19
0.079,-4.964687776769237E-19,4.964687776759887E-19
0.08,-4.964866834737811E-19,4.964866834742424E-19
0.081,-4.964942867916852E-19,4.964942867932919E-19
0.082,-4.964943843882089E-19,4.964943843902347E-19
0.083,-4.964896437093786E-19,4.964896437118638E-19
0.084,-4.9648286664705E-19,4.964828666495801E-19
0.085,-4.964763099949377E-19,4.964763099971521E-19
0.08600000000000001,-4.96471372229422E-19,4.964713722310381E-19
0.08700000000000001,-4.964685859329498E-19,4.964685859340797E-19
0.088,-4.964672438735813E-19,4.964672438739305E-19
0.089,-4.964676054706495E-19,4.964676054704714E-19
0.09,-4.964693100677433E-19,4.964693100673045E-19
0.091,-4.964716865262849E-19,4.9647168652537985E-19
0.092,-4.964740046854033E-19,4.964740046844192E-19
0.093,-4.964752624886765E-19,4.96475262487939E-19
0.094,-4.964755751569592E-19,4.9647557515639645E-19
0.095,-4.964752108937547E-19,4.964752108934362E-19
0.096,-4.964745418668873E-19,4.964745418666991E-19
0.097,-4.964736664406871E-19,4.964736664408257E-19
0.098,-4.964728065956613E-19,4.96472806596053E-19
0.099,-4.964723188096457E-19,4.964723188100594E-19
0.1,-4.964721746838514E-19,4.964721746841776E-19
0.101,-4.9647228355523185E-19,4.96472283555649E-19
0.10200000000000001,-4.964725096180132E-19,4.964725096183032E-19
0.10300000000000001,-4.964728200642721E-19,4.964728200643916E-19
0.10400000000000001,-4.964731343147757E-19,4.9647313431487E-19
0.105,-4.964733222987464E-19,4.964733222986552E-19
0.106,-4.9647338567929E-19,4.964733856791686E-19
0.107,-4.964733548222257E-19,4.964733548222323E-19
0.108,-4.964732704477654E-19,4.964732704477746E-19
0.109,-4.964731707448876E-19,4.96473170745079E-19
0.11,-4.964730836729548E-19,4.96473083672919E-19
0.111,-4.9647302432621785E-19,4.964730243262358E-19
0.112,-4.96472996143481E-19,4.964729961434867E-19
0.113,-4.964729874118829E-19,4.964729874119624E-19
0.114,-4.964730001232842E-19,4.964730001232682E-19
0.115,-4.964730279887067E-19,4.964730279887167E-19
0.116,-4.964730613315399E-19,4.964730613315323E-19
0.117,-4.964730906360944E-19,4.964730906361493E-19
0.11800000000000001,-4.964731031015099E-19,4.964731031015313E-19
0.11900000000000001,-4.964731032481037E-19,4.964731032482811E-19
0.12,-4.9647309545718485E-19,4.964730954573008E-19
0.121,-4.964730843283427E-19,4.964730843284223E-19
0.122,-4.964730735653174E-19,4.964730735653616E-19
0.123,-4.964730654623875E-19,4.964730654624098E-19
0.124,-4.964730608922584E-19,4.964730608923169E-19
0.125,-4.964730586930568E-19,4.964730586931007E-19
0.126,-4.964730592898894E-19,4.964730592900443E-19
0.127,-4.96473062090326E-19,4.964730620903477E-19
0.128,-4.964730659920022E-19,4.964730659920728E-19
0.129,-4.964730697969194E-19,4.964730697968518E-19
0.13,-4.964730718598352E-19,4.964730718598312E-19
0.131,-4.964730723713836E-19,4.964730723714007E-19
0.132,-4.964730717721218E-19,4.96473071772252E-19
0.133,-4.964730706730161E-19,4.964730706730536E-19
0.134,-4.964730692356272E-19,4.964730692357643E-19
0.135,-4.964730678242775E-19,4.964730678244669E-19
0.136,-4.964730670242896E-19,4.964730670243864E-19
0.137,-4.964730667882738E-19,4.964730667883222E-19
0.138,-4.964730669673989E-19,4.964730669674672E-19
0.139,-4.964730673389344E-19,4.96473067338972E-19
0.14,-4.964730678486987E-19,4.96473067848665E-19
0.14100000000000001,-4.964730683644965E-19,4.964730683645266E-19
0.14200000000000002,-4.964730686728578E-19,4.964730686728871E-19
0.14300000000000002,-4.964730687765795E-19,4.964730687767912E-19
0.14400000000000002,-4.9647306872586155E-19,4.964730687259342E-19
0.145,-4.964730686014838E-19,4.964730686015901E-19
0.146,-4.964730684213229E-19,4.964730684214823E-19
0.147,-4.964730682334106E-19,4.964730682334682E-19
0.148,-4.96473068115191E-19,4.964730681152698E-19
0.149,-4.96473068070971E-19,4.964730680711065E-19
0.15,-4.964730680841912E-19,4.964730680841645E-19
0.151,-4.964730681253586E-19,4.964730681253802E-19
0.152,-4.96473068188706E-19,4.964730681887715E-19
0.153,-4.964730682571057E-19,4.964730682571535E-19
0.154,-4.964730683021113E-19,4.96473068302095E-19
0.155,-4.964730683204947E-19,4.964730683204929E-19
0.156,-4.964730683177307E-19,4.964730683178023E-19
0.157,-4.96473068304129E-19,4.964730683041951E-19
0.158,-4.964730682820892E-19,4.964730682821033E-19
0.159,-4.964730682573207E-19,4.964730682572347E-19
0.16,-4.964730682400941E-19,4.964730682401841E-19
0.161,-4.96473068232616E-19,4.964730682327115E-19
0.162,-4.964730682329623E-19,4.964730682330381E-19
0.163,-4.964730682372512E-19,4.964730682372646E-19
0.164,-4.96473068245011E-19,4.96473068245099E-19
0.165,-4.964730682540473E-19,4.964730682540289E-19
0.166,-4.964730682617069E-19,4.964730682616853E-19
0.167,-4.964730682664926E-19,4.964730682665587E-19
0.168,-4.964730682674729E-19,4.964730682676194E-19
0.169,-4.964730682654428E-19,4.964730682654077E-19
0.17,-4.964730682610194E-19,4.964730682611324E-19
0.171,-4.964730682559764E-19,4.964730682560524E-19
0.17200000000000001,-4.964730682523904E-19,4.964730682524803E-19
0.17300000000000001,-4.964730682508859E-19,4.964730682508208E-19
0.17400000000000002,-4.964730682508832E-19,4.964730682509591E-19
0.17500000000000002,-4.964730682517699E-19,4.964730682516771E-19
0.176,-4.964730682532775E-19,4.964730682534032E-19
0.177,-4.964730682551368E-19,4.9647306825514925E-19
0.178,-4.964730682567254E-19,4.964730682567409E-19
0.179,-4.964730682573809E-19,4.964730682574201E-19
0.18,-4.964730682573458E-19,4.964730682573885E-19
0.181,-4.964730682569045E-19,4.96473068256908E-19
0.182,-4.964730682562983E-19,4.964730682563974E-19
0.183,-4.964730682557926E-19,4.964730682558102E-19
0.184,-4.964730682552336E-19,4.964730682553597E-19
0.185,-4.964730682550256E-19,4.964730682551863E-19
0.186,-4.964730682549816E-19,4.964730682549976E-19
0.187,-4.964730682550113E-19,4.9647306825504785E-19
0.188,-4.964730682551901E-19,4.964730682551384E-19
0.189,-4.964730682553554E-19,4.964730682554267E-19
0.19,-4.964730682556375E-19,4.964730682555253E-19
0.191,-4.964730682556642E-19,4.964730682557439E-19
0.192,-4.964730682556726E-19,4.964730682556863E-19
0.193,-4.964730682556545E-19,4.964730682557366E-19
0.194,-4.964730682555656E-19,4.964730682556361E-19
0.195,-4.964730682555159E-19,4.964730682555078E-19
0.19500390625,-4.9546497717365594E-17,4.9546497717368164E-17
0.1950048828125,-7.264705374404104E-17,7.26470537440463E-17
0.1950054002123748,-9.116252056568524E-17,9.116252056569238E-17
0.1950059176122496,-1.2105531064637736E-16,1.2105531064638616E-16
0.19500643501212442,-1.6212914852380125E-16,1.6212914852381365E-16
0.19500746981187406,-2.79696956976145E-16,2.7969695697617116E-16
0.19500852645170666,-4.630276071530163E-16,4.630276071530797E-16
0.19500958309153926,-7.178390589499106E-16,7.178390589500521E-16
0.19501063973137187,-1.0482193492396158E-15,1.0482193492399166E-15
0.19501169637120447,-1.4541228544057952E-15,1.4541228544064081E-15
0.19501275301103707,-1.9362498390522182E-15,1.936249839053345E-15
0.19501380965086967,-2.492162485723723E-15,2.492162485725655E-15
0.19501592293053485,-3.825892284099609E-15,3.825892284104717E-15
0.19501803621020003,-5.43425324222489E-15,5.434253242237249E-15
0.1950201494898652,-7.299516657803358E-15,7.299516657830478E-15
0.19502226276953039,-9.394603780392456E-15,9.394603780446764E-15
0.19502437604919556,-1.167795425186866E-14,1.1677954251971401E-14
0.19502648932886074,-1.4104042045869284E-14,1.4104042046052965E-14
0.19502860260852592,-1.661625284339395E-14,1.661625284370736E-14
0.19503282916785628,-2.14793319879606E-14,2.1479331988757165E-14
0.19503705572718663,-2.5743396028541316E-14,2.5743396030397524E-14
0.195041282286517,-2.886611284599199E-14,2.886611284996063E-14
0.19504550884584734,-3.019986907746534E-14,3.01998690853292E-14
0.1950497354051777,-2.8996841875683117E-14,2.8996841890328496E-14
0.19505396196450805,-2.445925047714888E-14,2.445925050307938E-14
0.1950624150831688,-3.3551488802537487E-16,3.35514958247637E-16
0.19507002288996345,4.1520963133944347E-14,-4.152096297509076E-14
0.1950776306967581,1.0766421784288331E-13,-1.0766421751382567E-13
0.19508523850355275,2.0382113823986975E-13,-2.038211376045453E-13
0.1950928463103474,3.359494926279637E-13,-3.359494914690713E-13
0.19510045411714205,5.101227306282512E-13,-5.101227286126382E-13
0.19511566973073138,1.0195192023190503E-12,-1.0195191969940376E-12
0.19513088534432071,1.7730302006520214E-12,-1.7730301879553483E-12
0.19514610095791005,2.8197733169673393E-12,-2.8197732894797656E-12
0.19516131657149938,4.213927554281047E-12,-4.213927499257104E-12
0.1951765321850887,6.0114059789763665E-12,-6.011405875614698E-12
0.19519174779867804,8.269186874836537E-12,-8.269186690675686E-12
0.1952221790258567,1.447613076746412E-11,-1.44761302613265E-11
0.1952495671303175,2.221052911025147E-11,-2.2210527960572957E-11
0.19527695523477828,3.236155733184857E-11,-3.2361554941193886E-11
0.19530434333923907,4.53075672323909E-11,-4.530756260282264E-11
0.19533173144369986,6.142786675592038E-11,-6.142785829700054E-11
0.19535911954816065,8.110494580788076E-11,-8.110493108090829E-11
0.19541389575708223,1.3306681378550718E-10,-1.3306677435454463E-10
0.19546867196600382,2.0378618481828506E-10,-2.037861095255074E-10
0.1955234481749254,2.9627349559952563E-10,-2.962732841052321E-10
0.19557822438384698,4.135847981266009E-10,-4.135844086083638E-10
0.19563300059276856,5.587491782546051E-10,-5.587484496591239E-10
0.19568777680169014,7.347600303783775E-10,-7.347587245092527E-10
0.1957973292195333,1.1934253073381333E-9,-1.1934217026043638E-9
0.19589592639559214,1.7406110819238553E-9,-1.7406031032660924E-9
0.19599452357165098,2.435230831471263E-9,-2.4352145769192225E-9
0.196,2.4781070608740275E-9,-2.478090188125519E-9
0.19601095285669806,2.565491030093205E-9,-2.565472774184717E-9
0.19603285857009417,2.747025802951425E-9,-2.7470046545036646E-9
0.1960766699968864,3.137273641020003E-9,-3.1372458004302783E-9
0.19616429285047082,4.031608652095131E-9,-4.0315615591638875E-9
0.1963395385576397,6.31429336090298E-9,-6.314171821465685E-9
0.19651478426480856,9.301444750511117E-9,-9.301169057417339E-9
0.19669002997197743,1.3043946724012473E-8,-1.3043383064855309E-8
0.1968652756791463,1.7588933152198266E-8,-1.7587869711343358E-8
0.197,2.166117793980353E-8,-2.1659520117457916E-8
0.19726944864170742,3.151383619983189E-8,-3.1510139149992465E-8
0.19753889728341484,4.393653183859591E-8,-4.3928990956542726E-8
0.19780834592512225,5.9384054046972154E-8,-5.9369697184535347E-8
0.198,7.244634698144262E-8,-7.242442351973947E-8
0.19838330814975552,1.0474930448008656E-7,-1.0470148354283238E-7
0.19876661629951103,1.4596112446578878E-7,-1.4586512316560506E-7
0.199,1.7570212534196366E-7,-1.7556072083916458E-7
0.19946676740097796,2.4632406729544396E-7,-2.4603854951363896E-7
0.19993353480195591,3.3180635960699824E-7,-3.3127694995234957E-7
0.2,3.451912881175023E-7,-3.4461666471794967E-7
0.2001329303960882,3.728679045610162E-7,-3.721942525682585E-7
0.2003987911882646,4.317835385440118E-7,-4.3087167869100984E-7
0.20093051277261736,5.632516528457923E-7,-5.616755429041514E-7
0.201,5.817723042504433E-7,-5.800886171129118E-7
0.2011389744547653,6.196742388095438E-7,-6.177568350712235E-7
0.2014169233642959,6.9874778042764E-7,-6.962953454459918E-7
0.20197282118335708,8.679417182036003E-7,-8.641216988042644E-7
0.202,8.765967102481959E-7,-8.727035935268582E-7
0.20205435763328589,8.939895999665745E-7,-8.899332772177141E-7
0.20216307289985763,9.290779577100425E-7,-9.246881021827928E-7
0.20238050343300112,1.0003306669934068E-6,-9.95227991560722E-7
0.2028153644992881,1.1459476460497896E-6,-1.1392194931968807E-6
0.203,1.208792348590468E-6,-1.201294554991247E-6
0.20336927100142382,1.334858456946024E-6,-1.3256839460458163E-6
0.20400000000000001,1.547699753660499E-6,-1.535316673428853E-6
0.20500000000000002,1.862512727668408E-6,-1.844510088696121E-6
0.20600000000000002,2.130920582585488E-6,-2.1073087421180636E-6
0.20700000000000002,2.3461951473660444E-6,-2.3175890294547813E-6
0.20800000000000002,2.514174803094714E-6,-2.4814261176959E-6
0.209,2.649095273755343E-6,-2.612894041263996E-6
0.21,2.771010592816474E-6,-2.7315782368821806E-6
0.211,2.9007453981440275E-6,-2.8577043942515644E-6
0.212,3.053797046010153E-6,-3.0062349368302835E-6
0.213,3.236718423995245E-6,-3.183384301204488E-6
0.214,3.4471334308975232E-6,-3.3866910865703596E-6
0.215,3.6761432599810795E-6,-3.60742531823352E-6
0.216,3.911716377742922E-6,-3.833927711422434E-6
0.217,4.142216066841505E-6,-4.055030802517282E-6
0.218,4.359321323327172E-6,-4.262839060958911E-6
0.219,4.559644115751179E-6,-4.454220940122654E-6
0.22,4.74476491588366E-6,-4.630782529759152E-6
0.221,4.919952547291204E-6,-4.797605254926843E-6
0.222,5.092158831857575E-6,-4.961320157885666E-6
0.223,5.266869784367612E-6,-5.127144447438763E-6
0.224,5.4484256896586E-6,-5.299119126772691E-6
0.225,5.6393903410341974E-6,-5.479633694591867E-6
0.226,5.840137688033554E-6,-5.66898737433773E-6
0.227,6.048782669207297E-6,-5.865359021612294E-6
0.228,6.261703828662089E-6,-6.065317380671273E-6
0.229,6.474564733630994E-6,-6.264793732682624E-6
0.23,6.683433932786124E-6,-6.460133425926281E-6
0.231,6.885648939914382E-6,-6.648892452782447E-6
0.232,7.0802865490829965E-6,-6.830257260812129E-6
0.233,7.268234127965221E-6,-7.0050920106514646E-6
0.234,7.4518907051046994E-6,-7.1756465692347275E-6
0.23500000000000001,7.634557637137058E-6,-7.344983660255849E-6
0.23600000000000002,7.819643800236496E-6,-7.516241703299376E-6
0.23700000000000002,8.009870336776272E-6,-7.691904369931847E-6
0.23800000000000002,8.206667236118903E-6,-7.873253477641568E-6
0.23900000000000002,8.409899932254634E-6,-8.060130356229258E-6
0.24,8.617973623276322E-6,-8.251045794873596E-6
0.241,8.828267670174704E-6,-8.443589989548416E-6
0.242,9.037777448232543E-6,-8.635025723466357E-6
0.243,9.24380354264668E-6,-8.822916018367522E-6
0.244,9.44453423056695E-6,-9.005646350292793E-6
0.245,9.639407172974408E-6,-9.182740957480762E-6
0.246,9.829191827130564E-6,-9.35492473592895E-6
0.247,1.0015789821358191E-5,-9.5239323282516E-6
0.248,1.0201800222078105E-5,-9.692109619433158E-6
0.249,1.038993940083712E-5,-9.861889670355716E-6
0.25,1.0582436951354642E-5,-1.0035252551806617E-5
0.251,1.0780540542506065E-5,-1.0213287880306342E-5
0.252,1.0984243893096369E-5,-1.039596103999928E-5
0.253,1.119230117779565E-5,-1.0582137265746797E-5
0.254,1.1402520134161353E-5,-1.0769853133667532E-5
0.255,1.1612257772942253E-5,-1.095676394454025E-5
0.256,1.1818999361701898E-5,-1.1140658279034715E-5
0.257,1.2020893281538046E-5,-1.1319926358977751E-5
0.258,1.2217135851174059E-5,-1.1493890505983562E-5
0.259,1.2408137531777845E-5,-1.1662940541262343E-5
0.26,1.2595443412395565E-5,-1.1828453895659345E-5
0.261,1.2781422409828099E-5,-1.199251572981317E-5
0.262,1.2968779843721077E-5,-1.2157488651267593E-5
0.263,1.3159985159683844E-5,-1.232551288944152E-5
0.264,1.335673204498434E-5,-1.2498039484141894E-5
0.265,1.3559551669831023E-5,-1.2675501191423083E-5
0.266,1.3767672620892295E-5,-1.285720108164523E-5
0.267,1.3979165424089338E-5,-1.3041448952904574E-5
0.268,1.4191340235259627E-5,-1.3225914634772091E-5
0.269,1.44013062409402E-5,-1.3408115485308675E-5
0.27,1.4606569872748536E-5,-1.3585930096037885E-5
0.271,1.4805550722110935E-5,-1.375803430485375E-5
0.272,1.4997919864551148E-5,-1.3924180441320933E-5
0.273,1.518470130181822E-5,-1.408527258793202E-5
0.274,1.5368114873359867E-5,-1.4243222837052491E-5
0.275,1.5551177755232592E-5,-1.4400605297112167E-5
0.276,1.57371231160103E-5,-1.4560158904906524E-5
0.277,1.592873639468255E-5,-1.4724224930725104E-5
0.278,1.6127741922662883E-5,-1.489423212612274E-5
0.279,1.6334379937090693E-5,-1.50703479193296E-5
0.28,1.6547284297528247E-5,-1.525138755802454E-5
0.281,1.6763704214575253E-5,-1.5435014462554462E-5
0.28200000000000003,1.6980028237783466E-5,-1.5618191989160964E-5
0.28300000000000003,1.7192495688580755E-5,-1.5797785374785674E-5
0.28400000000000003,1.739794521467587E-5,-1.5971185323327695E-5
0.28500000000000003,1.7594456845211252E-5,-1.6136833873311922E-5
0.28600000000000003,1.778177707312582E-5,-1.6294564184813976E-5
0.28700000000000003,1.796145653424796E-5,-1.644570056631501E-5
0.28800000000000003,1.813666674998016E-5,-1.6592894918970106E-5
0.289,1.8311700295656084E-5,-1.6739705448825454E-5
0.29,1.849120629627573E-5,-1.688996129992767E-5
0.291,1.867927257298412E-5,-1.7047005336045314E-5
0.292,1.88785253750608E-5,-1.721295700440081E-5
0.293,1.9089452448111477E-5,-1.738816581107721E-5
0.294,1.9310136487574443E-5,-1.757100898127815E-5
0.295,1.9536499818983874E-5,-1.7758112584208966E-5
0.296,1.975883051415358E-5,-1.7941350334980935E-5
0.297,1.996849788026579E-5,-1.8113813275578488E-5
0.298,2.0130885758641783E-5,-1.824699589106305E-5
0.299,2.018921095717336E-5,-1.8292971387950607E-5
0.3,2.0147735768607382E-5,-1.825783644863359E-5
0.301,2.002160427712932E-5,-1.8155628610948378E-5
0.302,1.9822580540117932E-5,-1.7995420100800402E-5
0.303,1.962745756204509E-5,-1.7838633885153762E-5
0.304,1.947052587810118E-5,-1.7710664818970266E-5
0.305,1.940045398762995E-5,-1.765277198540472E-5
0.306,1.9436510977099325E-5,-1.7682146491883034E-5
0.307,1.9545152362578056E-5,-1.7771144429784613E-5
0.308,1.9669963830670275E-5,-1.7872837380127696E-5
0.309,1.9775262144134138E-5,-1.7958043485858794E-5
0.31,1.9845396608987826E-5,-1.8014643186184292E-5
0.311,1.9871650149643516E-5,-1.8035830367212103E-5
0.312,1.985196754173319E-5,-1.8019842764868815E-5
0.313,1.979511780482473E-5,-1.7973650804356565E-5
0.314,1.9720469693091045E-5,-1.7912922753049993E-5
0.315,1.965242359313821E-5,-1.7857513649050663E-5
0.316,1.9612075763496064E-5,-1.7824653333643246E-5
0.317,1.9609413465575662E-5,-1.7822548905175985E-5
0.318,1.9639687041190015E-5,-1.7847345725565073E-5
0.319,1.9687345223029565E-5,-1.788628225711549E-5
0.32,1.9735091447179646E-5,-1.7925190413879426E-5
0.321,1.9770245796645582E-5,-1.795377947574028E-5
0.322,1.9786039101308383E-5,-1.7966612516011975E-5
0.323,1.9781141641912015E-5,-1.7962630445370505E-5
0.324,1.9759329493342216E-5,-1.7944881659092785E-5
0.325,1.9728611813895046E-5,-1.79198571299882E-5
0.326,1.9699015958117313E-5,-1.7895716727492992E-5
0.327,1.9679387200948183E-5,-1.7879682388922203E-5
0.328,1.967447270106892E-5,-1.7875643960362987E-5
0.329,1.9683663432026422E-5,-1.7883114181617884E-5
0.33,1.9701987525376204E-5,-1.78980337312883E-5
0.331,1.9722617858917764E-5,-1.791483053242653E-5
0.332,1.973937461142957E-5,-1.7928473430111176E-5
0.333,1.9748246867589008E-5,-1.793570608821732E-5
0.334,1.974794057230739E-5,-1.7935478556390662E-5
0.335,1.9739778265013343E-5,-1.7928860835797063E-5
0.336,1.9727084988282253E-5,-1.791854955943404E-5
0.337,1.971411007435114E-5,-1.790799828628301E-5
0.338,1.9704704768556587E-5,-1.790034334732469E-5
0.339,1.9701175724304038E-5,-1.789746698520546E-5
0.34,1.970373797072107E-5,-1.7899547230488364E-5
0.341,1.9710741854973345E-5,-1.7905241161263467E-5
0.342,1.9719486750537505E-5,-1.7912349774076053E-5
0.343,1.9727208426734855E-5,-1.791862436904465E-5
0.34400000000000003,1.973187182945909E-5,-1.79224115037801E-5
0.34500000000000003,1.973260138720925E-5,-1.7923000752715857E-5
0.34600000000000003,1.9729740702538557E-5,-1.79206717631361E-5
0.34700000000000003,1.972459751641574E-5,-1.7916487345562413E-5
0.34800000000000003,1.9718962901732412E-5,-1.7911903820423646E-5
0.34900000000000003,1.9714539664697107E-5,-1.790830663120403E-5
0.35000000000000003,1.9712450310357905E-5,-1.7906609486998642E-5
0.35100000000000003,1.971297531766149E-5,-1.790704057057076E-5
0.352,1.9715586357713235E-5,-1.790916915658926E-5
0.353,1.9719224579451968E-5,-1.7912132701081234E-5
0.354,1.972269356787183E-5,-1.79149571398441E-5
0.355,1.972502430108538E-5,-1.7916854073369366E-5
0.356,1.972571353056878E-5,-1.7917414352392185E-5
0.357,1.97247960182466E-5,-1.7916666523320913E-5
0.358,1.972275955501864E-5,-1.7915007645494237E-5
0.359,1.9720346183430207E-5,-1.791304171381228E-5
0.36,1.9718305808826063E-5,-1.7911379309402205E-5
0.361,1.9717177333590996E-5,-1.79104593972639E-5
0.362,1.9717159280592267E-5,-1.7910443799492096E-5
0.363,1.9718099048034775E-5,-1.7911208351179078E-5
0.364,1.971958821151414E-5,-1.7912420563840213E-5
0.365,1.972111894153203E-5,-1.7913666965006732E-5
0.366,1.9722245103242974E-5,-1.7914584333033005E-5
0.367,1.9722700775843447E-5,-1.7914956150625138E-5
0.368,1.9722449962719975E-5,-1.7914752961712686E-5
0.369,1.9721664251340316E-5,-1.7914114260091993E-5
0.37,1.9720645029984616E-5,-1.79132852079608E-5
0.371,1.9719719048734656E-5,-1.791253171399823E-5
0.372,1.97191405636228E-5,-1.791206075227511E-5
0.373,1.9719027620097885E-5,-1.7911968493954727E-5
0.374,1.9719346879704223E-5,-1.7912227892103382E-5
0.375,1.9719944806307106E-5,-1.791271407555352E-5
0.376,1.972060943985663E-5,-1.7913254592940875E-5
0.377,1.9721139918648356E-5,-1.7913686018559033E-5
0.378,1.972140264123743E-5,-1.7913899664430498E-5
0.379,1.9721359934846488E-5,-1.791386486909031E-5
0.38,1.972106728481228E-5,-1.7913626766176736E-5
0.381,1.9720644276165473E-5,-1.7913282627352842E-5
0.382,1.9720231236730956E-5,-1.791294663669902E-5
0.383,1.9719945872031048E-5,-1.7912714558690295E-5
0.384,1.9719852449301948E-5,-1.7912638677364475E-5
0.385,1.9719950729689798E-5,-1.7912718784708986E-5
0.386,1.972018516980467E-5,-1.7912909673730234E-5
0.387,1.9720468873597657E-5,-1.791314060935877E-5
0.388,1.97207130944332E-5,-1.7913339368188017E-5
0.389,1.972085307862001E-5,-1.7913453274608487E-5
0.39,1.9720863271206023E-5,-1.7913461523719435E-5
0.391,1.9720759112958512E-5,-1.791337668471711E-5
0.392,1.9720586791885655E-5,-1.791323636224288E-5
0.393,1.972040560869649E-5,-1.79130888373088E-5
0.394,1.972026906731731E-5,-1.7912977651560792E-5
0.395,1.9720210227690783E-5,-1.791292971963953E-5
0.396,1.9720235048074307E-5,-1.791294990309734E-5
0.397,1.972032453291072E-5,-1.7913022739023246E-5
0.398,1.9720443727321035E-5,-1.7913119767560086E-5
0.399,1.9720554058992646E-5,-1.7913209599136522E-5
0.4,1.972062499451629E-5,-1.7913267375707027E-5
0.401,1.972064166605977E-5,-1.7913280991374062E-5
0.402,1.9720606949288847E-5,-1.7913252770639448E-5
0.403,1.972053811931291E-5,-1.7913196776616576E-5
0.404,1.9720459838028956E-5,-1.791313307427538E-5
0.405,1.9720396005030858E-5,-1.791308111550986E-5
0.406,1.9720362980337957E-5,-1.7913054221534868E-5
0.40700000000000003,1.9720365920126774E-5,-1.7913056589836515E-5
0.40800000000000003,1.972039888766661E-5,-1.791308339866665E-5
0.40900000000000003,1.9720448127662583E-5,-1.7913123454815194E-5
0.41000000000000003,1.972049714825818E-5,-1.7913163333530206E-5
0.41100000000000003,1.972053185149715E-5,-1.7913191570627013E-5
0.41200000000000003,1.972054426408206E-5,-1.7913201672503132E-5
0.41300000000000003,1.9720533962267357E-5,-1.7913193294765894E-5
0.41400000000000003,1.9720507128197174E-5,-1.7913171461981565E-5
0.41500000000000004,1.972047382124199E-5,-1.7913144362935695E-5
0.41600000000000004,1.972044445421148E-5,-1.7913120466317443E-5
0.417,1.9720428201979118E-5,-1.7913107288823956E-5
0.418,1.9720424653849978E-5,-1.791310431682506E-5
0.419,1.9720436751272688E-5,-1.79131142287222E-5
0.42,1.9720456716139135E-5,-1.791313047500695E-5
0.421,1.9720477964508935E-5,-1.7913147758809107E-5
0.422,1.972049439658752E-5,-1.791316112750543E-5
0.423,1.9720502014031146E-5,-1.7913167326530818E-5
0.424,1.9720499784796862E-5,-1.7913165512674637E-5
0.425,1.972048969001257E-5,-1.7913157293955675E-5
0.426,1.972047578689045E-5,-1.791314597406259E-5
0.427,1.9720462652105897E-5,-1.791313528141666E-5
0.428,1.9720453948492007E-5,-1.7913128197627043E-5
0.429,1.9720451548555353E-5,-1.7913126243471724E-5
0.43,1.9720455255113278E-5,-1.7913129256065916E-5
0.431,1.9720463134122034E-5,-1.7913135671423422E-5
0.432,1.9720472329945034E-5,-1.7913143154541013E-5
0.433,1.972047999965086E-5,-1.791314940329971E-5
0.434,1.9720484149706465E-5,-1.7913152781947297E-5
0.435,1.9720484084800336E-5,-1.791315272777304E-5
0.436,1.972048041792412E-5,-1.7913149746286442E-5
0.437,1.9720474717796215E-5,-1.791314510732247E-5
0.438,1.972046891048689E-5,-1.791314038588406E-5
0.439,1.9720464691602015E-5,-1.7913136944954318E-5
0.44,1.97204630466025E-5,-1.7913135607537023E-5
0.441,1.9720464086425513E-5,-1.791313645328494E-5
0.442,1.9720467134816293E-5,-1.791313893125185E-5
0.443,1.972047102241381E-5,-1.791314209377169E-5
0.444,1.972047451515337E-5,-1.791314494006429E-5
0.445,1.9720476661832744E-5,-1.7913146684858585E-5
0.446,1.9720477031778304E-5,-1.7913146983537455E-5
0.447,1.9720475774243056E-5,-1.7913145960283556E-5
0.448,1.9720473472755374E-5,-1.7913144089333468E-5
0.449,1.9720470950536206E-5,-1.791314203720064E-5
0.45,1.972046895609663E-5,-1.7913140417139812E-5
0.451,1.9720468000920753E-5,-1.7913139636703685E-5
0.452,1.9720468197511862E-5,-1.7913139796931307E-5
0.453,1.9720469337789774E-5,-1.7913140726581063E-5
0.454,1.9720470960655814E-5,-1.791314204341267E-5
0.455,1.972047251976089E-5,-1.791314331972365E-5
0.456,1.9720473585493427E-5,-1.791314418094053E-5
0.457,1.9720473916217604E-5,-1.7913144451358697E-5
0.458,1.972047352061117E-5,-1.7913144129291505E-5
0.459,1.9720472615379867E-5,-1.7913143390936067E-5
0.46,1.9720471532839034E-5,-1.791314251097139E-5
0.461,1.9720470614136915E-5,-1.7913141763090012E-5
0.462,1.9720470096205202E-5,-1.791314134463646E-5
0.463,1.9720470078868576E-5,-1.791314132439657E-5
0.464,1.9720470483730772E-5,-1.7913141659131256E-5
0.465,1.972047114815985E-5,-1.7913142200999114E-5
0.466,1.9720471838504284E-5,-1.7913142757400935E-5
0.467,1.97204723403827E-5,-1.7913143172440926E-5
0.468,1.972047255533625E-5,-1.7913143349569844E-5
0.46900000000000003,1.972047245083494E-5,-1.791314326323108E-5
0.47000000000000003,1.9720472103192874E-5,-1.7913142974494477E-5
0.47100000000000003,1.9720471650942763E-5,-1.7913142605432802E-5
0.47200000000000003,1.9720471228227586E-5,-1.791314226587836E-5
0.47300000000000003,1.9720470967750575E-5,-1.791314205065767E-5
0.47400000000000003,1.9720470907599554E-5,-1.791314200527636E-5
0.47500000000000003,1.9720471045997066E-5,-1.7913142112884983E-5
0.47600000000000003,1.9720471313263012E-5,-1.7913142329060663E-5
0.47700000000000004,1.9720471615155292E-5,-1.791314257284555E-5
0.47800000000000004,1.9720471853056838E-5,-1.7913142772987137E-5
0.47900000000000004,1.9720471974850147E-5,-1.7913142870451953E-5
0.48,1.972047195578874E-5,-1.791314286189433E-5
0.481,1.972047183362899E-5,-1.791314275171086E-5
0.482,1.9720471643620834E-5,-1.7913142597473918E-5
0.483,1.9720471455347232E-5,-1.7913142448825975E-5
0.484,1.972047132102742E-5,-1.7913142340452873E-5
0.485,1.9720471279040364E-5,-1.7913142309489675E-5
0.486,1.972047132711289E-5,-1.7913142339461475E-5
0.487,1.9720471430248582E-5,-1.7913142427154922E-5
0.488,1.9720471555914302E-5,-1.7913142529852002E-5
0.489,1.9720471664362878E-5,-1.7913142619378864E-5
0.49,1.972047173057699E-5,-1.791314267540235E-5
0.491,1.972047173706058E-5,-1.7913142680282417E-5
0.492,1.97204716913525E-5,-1.7913142640518154E-5
0.493,1.9720471611961575E-5,-1.791314257916538E-5
0.494,1.972047153186261E-5,-1.791314250918455E-5
0.495,1.9720471469719318E-5,-1.7913142458721136E-5
0.496,1.972047144104744E-5,-1.7913142436065112E-5
0.497,1.9720471456092893E-5,-1.791314244658697E-5
0.498,1.9720471492920587E-5,-1.79131424779756E-5
0.499,1.9720471547704053E-5,-1.7913142521285954E-5
0.5,1.972047159616682E-5,-1.7913142559490284E-5
0.501,1.9720471631561907E-5,-1.7913142589883094E-5
0.502,1.9720471638390443E-5,-1.791314259432547E-5
0.503,1.9720471624055965E-5,-1.7913142586265318E-5
0.504,1.9720471591396272E-5,-1.7913142559294328E-5
0.505,1.9720471555595106E-5,-1.7913142530343718E-5
0.506,1.9720471527792588E-5,-1.7913142507909085E-5
0.507,1.9720471511460407E-5,-1.7913142494328673E-5
0.508,1.9720471511840457E-5,-1.791314249587079E-5
0.509,1.972047152663254E-5,-1.7913142504814558E-5
0.51,1.972047154874493E-5,-1.7913142522834673E-5
0.511,1.9720471568488625E-5,-1.79131425425637E-5
0.512,1.972047158790195E-5,-1.7913142556228933E-5
0.513,1.972047159304813E-5,-1.7913142557637454E-5
0.514,1.9720471587057864E-5,-1.791314255419011E-5
0.515,1.972047157412373E-5,-1.791314254595227E-5
0.516,1.9720471564610695E-5,-1.791314253358984E-5
0.517,1.972047154710813E-5,-1.7913142524819366E-5
0.518,1.97204715416114E-5,-1.7913142516749463E-5
0.519,1.9720471539454968E-5,-1.7913142511648806E-5
0.52,1.9720471543951866E-5,-1.791314252288379E-5
0.521,1.972047155101572E-5,-1.7913142528067012E-5
0.522,1.972047156287917E-5,-1.791314253424332E-5
0.523,1.9720471570854107E-5,-1.791314253978153E-5
0.524,1.972047157297458E-5,-1.7913142543064018E-5
0.525,1.972047157021398E-5,-1.791314254136714E-5
0.526,1.9720471566524434E-5,-1.7913142536144897E-5
0.527,1.9720471562509653E-5,-1.7913142533781327E-5
0.528,1.9720471552545385E-5,-1.79131425259391E-5
0.529,1.9720471550721394E-5,-1.7913142525327474E-5
0.53,1.972047154903483E-5,-1.7913142529453015E-5
0.531,1.9720471549038743E-5,-1.7913142522330258E-5
0.532,1.9720471553599504E-5,-1.7913142529106298E-5
0.533,1.972047155462822E-5,-1.791314253138199E-5
0.534,1.9720471559884688E-5,-1.7913142535230586E-5
0.535,1.9720471563317946E-5,-1.7913142535540953E-5
0.536,1.9720471563433478E-5,-1.791314253585909E-5
0.537,1.9720471561068213E-5,-1.79131425354064E-5
0.538,1.9720471560692314E-5,-1.7913142534071676E-5
0.539,1.9720471557414523E-5,-1.791314253403834E-5
0.54,1.972047155769147E-5,-1.7913142528560155E-5
0.541,1.972047155656761E-5,-1.7913142532289417E-5
0.542,1.9720471558647834E-5,-1.7913142531207038E-5
0.543,1.9720471558458996E-5,-1.7913142530767268E-5
0.544,1.972047155825232E-5,-1.7913142533735597E-5
0.545,1.9720471560594244E-5,-1.7913142533562745E-5
0.546,1.9720471561740083E-5,-1.7913142533329143E-5
0.547,1.9720471560973403E-5,-1.791314253270498E-5
0.548,1.9720471558956306E-5,-1.7913142534393904E-5
0.549,1.9720471558347076E-5,-1.791314253282294E-5
0.55,1.972047155898168E-5,-1.791314253223088E-5
0.551,1.972047155677153E-5,-1.7913142531229257E-5
0.552,1.9720471555032212E-5,-1.791314253029045E-5
0.553,1.9720471554967946E-5,-1.7913142531536062E-5
0.554,1.972047155575742E-5,-1.791314252961785E-5
0.555,1.972047155364831E-5,-1.7913142528972653E-5
0.556,1.9720471554454207E-5,-1.7913142530452097E-5
0.557,1.972047155536463E-5,-1.7913142531930844E-5
0.558,1.9720471556905775E-5,-1.7913142530606617E-5
0.559,1.9720471556138807E-5,-1.7913142532062978E-5
0.56,1.972047155789997E-5,-1.7913142531542144E-5
0.561,1.9720471558994853E-5,-1.7913142532271924E-5
0.562,1.972047155881748E-5,-1.7913142532714245E-5
0.5630000000000001,1.972047155725412E-5,-1.791314253156062E-5
0.5640000000000001,1.972047155724487E-5,-1.7913142531512176E-5
0.5650000000000001,1.972047155587352E-5,-1.79131425312586E-5
0.5660000000000001,1.9720471557330826E-5,-1.791314253133715E-5
0.5670000000000001,1.9720471555979134E-5,-1.7913142531324436E-5
0.5680000000000001,1.972047155856575E-5,-1.791314253136349E-5
0.5690000000000001,1.9720471558963635E-5,-1.7913142531560955E-5
0.5700000000000001,1.9720471558529852E-5,-1.7913142531204242E-5
0.5710000000000001,1.9720471558996493E-5,-1.7913142532275637E-5
0.5720000000000001,1.9720471558486047E-5,-1.7913142531968947E-5
0.5730000000000001,1.9720471557878433E-5,-1.791314253142449E-5
0.5740000000000001,1.9720471557203276E-5,-1.7913142531575754E-5
0.5750000000000001,1.9720471557159956E-5,-1.7913142531371982E-5
0.5760000000000001,1.9720471556445907E-5,-1.7913142531747804E-5
0.577,1.9720471555834295E-5,-1.7913142531612475E-5
0.578,1.9720471556327427E-5,-1.7913142531313903E-5
0.579,1.972047155704887E-5,-1.7913142531855153E-5
0.58,1.972047155693546E-5,-1.79131425321963E-5
0.581,1.9720471557583587E-5,-1.7913142532893128E-5
0.582,1.97204715583949E-5,-1.791314253332513E-5
0.583,1.9720471558211164E-5,-1.791314253321343E-5
0.584,1.972047155828269E-5,-1.79131425333663E-5
0.585,1.972047155801732E-5,-1.7913142533231728E-5
0.586,1.972047155780515E-5,-1.7913142533424807E-5
0.587,1.9720471557641314E-5,-1.7913142533524245E-5
0.588,1.9720471557434845E-5,-1.7913142532832253E-5
0.589,1.9720471557508662E-5,-1.7913142533404363E-5
0.59,1.972047155803337E-5,-1.7913142533118703E-5
0.591,1.972047155805203E-5,-1.7913142532269186E-5
0.592,1.9720471557162676E-5,-1.7913142532391562E-5
0.593,1.9720471556542198E-5,-1.7913142532585462E-5
0.594,1.972047155624284E-5,-1.7913142531364477E-5
0.595,1.972047155648412E-5,-1.791314253165566E-5
0.596,1.9720471555190408E-5,-1.7913142531026772E-5
0.597,1.9720471556378876E-5,-1.7913142531966796E-5
0.598,1.9720471556298635E-5,-1.791314253264347E-5
0.599,1.972047155837212E-5,-1.791314253110136E-5
0.6,1.97204715572283E-5,-1.7913142532121454E-5
0.601,1.9720471557945426E-5,-1.7913142531860713E-5
0.602,1.9720471557969028E-5,-1.7913142532076707E-5
0.603,1.9720471557481744E-5,-1.791314253160832E-5
0.604,1.972047155614087E-5,-1.7913142531908676E-5
0.605,1.9720471556530963E-5,-1.7913142531594938E-5
0.606,1.9720471557636798E-5,-1.79131425311499E-5
0.607,1.9720471554823978E-5,-1.7913142531133217E-5
0.608,1.972047155442766E-5,-1.7913142530899412E-5
0.609,1.97204715559849E-5,-1.7913142530119762E-5
0.61,1.972047155530266E-5,-1.7913142530894774E-5
0.611,1.9720471554962332E-5,-1.791314252988593E-5
0.612,1.9720471555045914E-5,-1.7913142530847326E-5
0.613,1.9720471555834302E-5,-1.7913142528766502E-5
0.614,1.9720471555167253E-5,-1.791314252810234E-5
0.615,1.9720471554768467E-5,-1.7913142530622703E-5
0.616,1.9720471552098084E-5,-1.7913142531077265E-5
0.617,1.9720471552590565E-5,-1.7913142528545274E-5
0.618,1.9720471553550098E-5,-1.7913142531047724E-5
0.619,1.972047155442438E-5,-1.7913142532285765E-5
0.62,1.9720471555373546E-5,-1.7913142531230738E-5
0.621,1.9720471557103584E-5,-1.7913142532232066E-5
0.622,1.9720471557383173E-5,-1.791314253269599E-5
0.623,1.9720471557842885E-5,-1.791314253365979E-5
0.624,1.9720471559250294E-5,-1.7913142531720858E-5
0.625,1.9720471556862898E-5,-1.7913142532993623E-5
0.626,1.9720471556656554E-5,-1.791314253134876E-5
0.627,1.972047155500044E-5,-1.7913142530407615E-5
0.628,1.972047155525781E-5,-1.7913142530062987E-5
0.629,1.9720471554918747E-5,-1.7913142529421814E-5
0.63,1.9720471557519633E-5,-1.79131425305245E-5
0.631,1.9720471555374373E-5,-1.791314253028694E-5
0.632,1.972047155532913E-5,-1.7913142530924996E-5
0.633,1.9720471557444935E-5,-1.7913142531052756E-5
0.634,1.972047155671795E-5,-1.791314253165979E-5
0.635,1.9720471552556203E-5,-1.7913142531968927E-5
0.636,1.972047155431934E-5,-1.7913142526832617E-5
0.637,1.9720471554697167E-5,-1.7913142529254545E-5
0.638,1.972047155342218E-5,-1.7913142528563607E-5
0.639,1.97204715498906E-5,-1.7913142526738647E-5
0.64,1.972047155296431E-5,-1.7913142527848474E-5
0.641,1.9720471554229466E-5,-1.7913142528839045E-5
0.642,1.97204715539482E-5,-1.7913142531955605E-5
0.643,1.9720471555996824E-5,-1.791314252871505E-5
0.644,1.9720471553618E-5,-1.7913142531689616E-5
0.645,1.9720471556405432E-5,-1.791314253384252E-5
0.646,1.97204715552809E-5,-1.7913142530840035E-5
0.647,1.9720471552440248E-5,-1.7913142528882576E-5
0.648,1.9720471556714227E-5,-1.791314252539161E-5
0.649,1.972047155682795E-5,-1.7913142528496254E-5
0.65,1.9720471554743872E-5,-1.7913142530645434E-5
0.651,1.9720471557610835E-5,-1.79131425328027E-5
0.652,1.9720471554985246E-5,-1.7913142526338987E-5
0.653,1.9720471555290012E-5,-1.7913142532007792E-5
0.654,1.9720471553455064E-5,-1.791314252623797E-5
0.655,1.972047155645283E-5,-1.791314253267745E-5
0.656,1.972047155705624E-5,-1.79131425316423E-5
0.657,1.9720471558088294E-5,-1.791314253394196E-5
0.658,1.9720471556624648E-5,-1.791314253072758E-5
0.659,1.9720471555840444E-5,-1.7913142529253214E-5
0.66,1.972047155732514E-5,-1.7913142533055457E-5
0.661,1.9720471558494707E-5,-1.7913142531402624E-5
0.662,1.97204715588289E-5,-1.7913142528884727E-5
0.663,1.972047155685714E-5,-1.7913142533604253E-5
0.664,1.9720471556398023E-5,-1.7913142531563408E-5
0.665,1.9720471557076652E-5,-1.791314253609294E-5
0.666,1.9720471558745856E-5,-1.7913142534157785E-5
0.667,1.9720471558244487E-5,-1.7913142534274716E-5
0.668,1.9720471556159552E-5,-1.791314253362014E-5
0.669,1.9720471554183272E-5,-1.791314253597077E-5
0.67,1.9720471557072464E-5,-1.791314253329302E-5
0.671,1.9720471557740516E-5,-1.7913142532857264E-5
0.672,1.9720471555393553E-5,-1.7913142536342903E-5
0.673,1.972047155520767E-5,-1.7913142530752106E-5
0.674,1.9720471555000693E-5,-1.7913142532984502E-5
0.675,1.9720471554094984E-5,-1.7913142528582733E-5
0.676,1.972047155358754E-5,-1.791314253365952E-5
0.677,1.9720471556991003E-5,-1.7913142531405192E-5
0.678,1.972047155428683E-5,-1.7913142531379673E-5
0.679,1.9720471552671718E-5,-1.7913142529941994E-5
0.68,1.972047155526123E-5,-1.7913142525989186E-5
0.681,1.9720471554677668E-5,-1.7913142532478305E-5
0.682,1.9720471560050256E-5,-1.7913142526743262E-5
0.683,1.972047155721441E-5,-1.7913142534873233E-5
0.684,1.9720471557475696E-5,-1.7913142531332612E-5
0.685,1.9720471557205262E-5,-1.7913142532264494E-5
0.686,1.9720471550700516E-5,-1.791314253331197E-5
0.687,1.972047155258822E-5,-1.791314253287254E-5
0.6880000000000001,1.9720471560536026E-5,-1.7913142530971383E-5
0.6890000000000001,1.9720471553323283E-5,-1.791314252924552E-5
0.6900000000000001,1.9720471556267834E-5,-1.7913142536161862E-5
0.6910000000000001,1.9720471556536035E-5,-1.791314252381939E-5
0.6920000000000001,1.9720471556207467E-5,-1.79131425326614E-5
0.6930000000000001,1.972047154733124E-5,-1.7913142532898705E-5
0.6940000000000001,1.9720471554742978E-5,-1.7913142529821695E-5
0.6950000000000001,1.9720471554293976E-5,-1.791314253000682E-5
0.6960000000000001,1.9720471556747742E-5,-1.7913142530697446E-5
0.6970000000000001,1.972047155879537E-5,-1.7913142529144638E-5
0.6980000000000001,1.9720471555098823E-5,-1.7913142529754962E-5
0.6990000000000001,1.972047155361838E-5,-1.7913142531979098E-5
0.7000000000000001,1.9720471548533274E-5,-1.791314253187344E-5
0.7010000000000001,1.9720471549806538E-5,-1.7913142530140396E-5
0.7020000000000001,1.9720471550282668E-5,-1.7913142527449345E-5
0.7030000000000001,1.9720471552995698E-5,-1.791314252653161E-5
0.704,1.972047155259104E-5,-1.7913142535879776E-5
0.705,1.972047155493584E-5,-1.7913142532442245E-5
0.706,1.9720471559010625E-5,-1.791314253137638E-5
0.707,1.972047155504919E-5,-1.79131425315049E-5
0.708,1.972047155708417E-5,-1.7913142531343315E-5
0.709,1.9720471557672018E-5,-1.791314253213104E-5
0.71,1.972047156000254E-5,-1.7913142530401106E-5
0.711,1.9720471557495672E-5,-1.7913142531623005E-5
0.712,1.9720471558373195E-5,-1.7913142523331766E-5
0.713,1.9720471552659175E-5,-1.791314253169674E-5
0.714,1.972047155980031E-5,-1.7913142532158066E-5
0.715,1.9720471561889286E-5,-1.7913142534554657E-5
0.716,1.9720471553138054E-5,-1.7913142532282173E-5
0.717,1.9720471554589035E-5,-1.7913142530946226E-5
0.718,1.9720471553588506E-5,-1.7913142533013522E-5
0.719,1.972047155274491E-5,-1.791314253088813E-5
0.72,1.9720471554684048E-5,-1.791314253308954E-5
0.721,1.9720471553810405E-5,-1.7913142528399398E-5
0.722,1.972047155264701E-5,-1.7913142523893067E-5
0.723,1.972047155216628E-5,-1.7913142524939522E-5
0.724,1.9720471553587062E-5,-1.791314253359358E-5
0.725,1.9720471554911737E-5,-1.791314252839093E-5
0.726,1.9720471554230574E-5,-1.7913142529255985E-5
0.727,1.9720471558314753E-5,-1.7913142529774742E-5
0.728,1.9720471555318408E-5,-1.7913142530163046E-5
0.729,1.9720471561570954E-5,-1.7913142529023295E-5
0.73,1.972047155635246E-5,-1.7913142533402967E-5
0.731,1.9720471556873787E-5,-1.7913142532786317E-5
0.732,1.9720471556837897E-5,-1.7913142531111387E-5
0.733,1.972047155688251E-5,-1.7913142530152546E-5
0.734,1.9720471556966117E-5,-1.791314253082018E-5
0.735,1.972047155613322E-5,-1.7913142532521172E-5
0.736,1.9720471556073182E-5,-1.791314253133985E-5
0.737,1.97204715575943E-5,-1.7913142532985763E-5
0.738,1.9720471558240668E-5,-1.791314253383832E-5
0.739,1.9720471556356874E-5,-1.7913142531289146E-5
0.74,1.9720471556279502E-5,-1.791314253067801E-5
0.741,1.9720471556136743E-5,-1.791314253161101E-5
0.742,1.9720471555775863E-5,-1.7913142530914652E-5
0.743,1.9720471553627368E-5,-1.7913142529684255E-5
0.744,1.9720471554444978E-5,-1.7913142529317307E-5
0.745,1.972047155363793E-5,-1.7913142529379357E-5
0.746,1.9720471550646876E-5,-1.791314252577788E-5
0.747,1.972047154509513E-5,-1.7913142521668074E-5
0.748,1.972047152952107E-5,-1.7913142509657157E-5
0.749,1.9720471464739097E-5,-1.7913142455210557E-5
0.75,1.9103775186313787E-5,-1.7389118160938918E-5
0.751,2.0371847941960437E-5,-1.848632371916366E-5
0.752,1.964557655079521E-5,-1.782929509040214E-5
0.753,1.977387097905119E-5,-1.7945335267389523E-5
0.754,1.981430687367396E-5,-1.7984321230667462E-5
0.755,1.9790392935997537E-5,-1.796479785755165E-5
0.756,1.974992810268613E-5,-1.7938144656756097E-5
0.757,1.9711661859188046E-5,-1.7902319972133014E-5
0.758,1.9690196405944567E-5,-1.7887028125465207E-5
0.759,1.9684144451363228E-5,-1.7884257372787277E-5
0.76,1.968657609804424E-5,-1.7887941502302577E-5
0.761,1.9696994968777885E-5,-1.789711868762655E-5
0.762,1.9713380339368523E-5,-1.791047654564084E-5
0.763,1.9729705941191605E-5,-1.792347942059265E-5
0.764,1.9740371095077455E-5,-1.793161282786893E-5
0.765,1.974327129497964E-5,-1.7933169042519307E-5
0.766,1.973917808016246E-5,-1.7928925315390833E-5
0.767,1.9730336063564586E-5,-1.792090063498892E-5
0.768,1.9719798018976084E-5,-1.7911693222795494E-5
0.769,1.9710843655721326E-5,-1.7904008726692373E-5
0.77,1.9705998369812276E-5,-1.789990912707131E-5
0.771,1.970617996304759E-5,-1.7900128937823537E-5
0.772,1.971058538189162E-5,-1.7903970938938212E-5
0.773,1.9717265340803953E-5,-1.7909778648055346E-5
0.774,1.9723933783736235E-5,-1.791561647604083E-5
0.775,1.9728669575389855E-5,-1.7919857156538404E-5
0.776,1.9730378646652192E-5,-1.7921562773433825E-5
0.777,1.9728973698124968E-5,-1.792063152979174E-5
0.778,1.9725267224381317E-5,-1.7917711804730343E-5
0.779,1.9720630823963562E-5,-1.7913925153464575E-5
0.78,1.9716532894150962E-5,-1.7910487236042863E-5
0.781,1.9714097030399846E-5,-1.7908342657541934E-5
0.782,1.971381200410346E-5,-1.7907922468013766E-5
0.783,1.9715469913754484E-5,-1.7909088269627743E-5
0.784,1.9718325816930984E-5,-1.7911258376549426E-5
0.785,1.972139577041084E-5,-1.7913648282754843E-5
0.786,1.972377690753194E-5,-1.7915530523954832E-5
0.787,1.972489145116109E-5,-1.7916433699265007E-5
0.788,1.9724601148224495E-5,-1.7916237036918044E-5
0.789,1.9723184051341354E-5,-1.7915153773034427E-5
0.79,1.9721199819287544E-5,-1.7913624262555117E-5
0.791,1.9719293229978722E-5,-1.7912158647437327E-5
0.792,1.9717997708317802E-5,-1.7911178972400747E-5
0.793,1.9717595951218066E-5,-1.7910906904449975E-5
0.794,1.9718072722688162E-5,-1.791132582943283E-5
0.795,1.9719162112139497E-5,-1.791221914483136E-5
0.796,1.97204615079554E-5,-1.7913262361711132E-5
0.797,1.9721567760999412E-5,-1.791413299194724E-5
0.798,1.9722192590089267E-5,-1.7914603217371186E-5
0.799,1.972222773613604E-5,-1.7914591770848014E-5
0.8,1.972174961788193E-5,-1.7914166718010574E-5
0.801,1.972097116172382E-5,-1.791350562003851E-5
0.802,1.972016139897103E-5,-1.7912829806539516E-5
0.803,1.9719559965738318E-5,-1.791233481023018E-5
0.804,1.9719311746182697E-5,-1.7912137388247325E-5
0.805,1.971943817118386E-5,-1.791225263169509E-5
0.806,1.9719848687929875E-5,-1.7912603787671354E-5
0.807,1.9720383203353758E-5,-1.7913057368569713E-5
0.808,1.9720868598613527E-5,-1.7913469642040317E-5
0.809,1.9721170643057742E-5,-1.79137291889611E-5
0.81,1.9721227230012773E-5,-1.7913784149123326E-5
0.811,1.9721055983988576E-5,-1.791364846252251E-5
0.812,1.972073803817774E-5,-1.791338851783436E-5
0.8130000000000001,1.9720385771070464E-5,-1.7913096783462747E-5
0.8140000000000001,1.972010596514628E-5,-1.7912861512114093E-5
0.8150000000000001,1.971996966523399E-5,-1.7912742017185286E-5
0.8160000000000001,1.971999656960087E-5,-1.7912755705435773E-5
0.8170000000000001,1.9720156470130294E-5,-1.7912879078753873E-5
0.8180000000000001,1.972038497916026E-5,-1.7913060434490795E-5
0.8190000000000001,1.9720606927137028E-5,-1.7913238873340243E-5
0.8200000000000001,1.9720759516170257E-5,-1.7913363166447472E-5
0.8210000000000001,1.972080862996217E-5,-1.791340515129684E-5
0.8220000000000001,1.9720754644211904E-5,-1.7913364516233207E-5
0.8230000000000001,1.9720627440378836E-5,-1.791326489636854E-5
0.8240000000000001,1.972047372336354E-5,-1.7913143655671217E-5
0.8250000000000001,1.9720341232593374E-5,-1.791303911053892E-5
0.8260000000000001,1.9720264887022108E-5,-1.7912979324864263E-5
0.8270000000000001,1.972025854840581E-5,-1.7912975410011012E-5
0.8280000000000001,1.972031400851948E-5,-1.7913020708069502E-5
0.8290000000000001,1.972040649501481E-5,-1.7913095226376575E-5
0.8300000000000001,1.972050415881975E-5,-1.7913173295258487E-5
0.8310000000000001,1.9720578225577934E-5,-1.7913231817033447E-5
0.8320000000000001,1.9720610836564612E-5,-1.7913256553117247E-5
0.833,1.9720598601476195E-5,-1.791324501917833E-5
0.834,1.9720551537093846E-5,-1.791320553060699E-5
0.835,1.9720488235220276E-5,-1.7913153323945492E-5
0.836,1.9720429304826386E-5,-1.7913105177673465E-5
0.837,1.9720391139103187E-5,-1.7913074370945013E-5
0.838,1.972038177781492E-5,-1.791306734677895E-5
0.839,1.9720399802714095E-5,-1.7913082804277645E-5
0.84,1.9720436077697116E-5,-1.791311315884008E-5
0.841,1.9720477496895343E-5,-1.7913147631207514E-5
0.842,1.9720511327548774E-5,-1.791317575685722E-5
0.843,1.9720528841845066E-5,-1.791319038769888E-5
0.844,1.972052727090122E-5,-1.791318924628564E-5
0.845,1.9720509756882692E-5,-1.79131749168158E-5
0.846,1.972048360211145E-5,-1.7913153386714953E-5
0.847,1.9720457591883016E-5,-1.7913131866040358E-5
0.848,1.9720439221530278E-5,-1.7913116531892828E-5
0.849,1.9720432750159547E-5,-1.791311089445171E-5
0.85,1.972043837041186E-5,-1.7913115173589673E-5
0.851,1.97204527909988E-5,-1.791312671307183E-5
0.852,1.9720470619270816E-5,-1.791314113577709E-5
0.853,1.9720486242107865E-5,-1.791315386911601E-5
0.854,1.972049547478666E-5,-1.791316148180658E-5
0.855,1.9720496547674354E-5,-1.7913162511486855E-5
0.856,1.972049030089169E-5,-1.7913157607102316E-5
0.857,1.9720479554275024E-5,-1.7913149031858167E-5
0.858,1.9720468025857135E-5,-1.7913139792479637E-5
0.859,1.972045913814883E-5,-1.7913132660769285E-5
0.86,1.9720455069307297E-5,-1.7913129400980524E-5
0.861,1.9720456310597385E-5,-1.791313041046267E-5
0.862,1.9720461744473692E-5,-1.791313479095543E-5
0.863,1.9720469216923034E-5,-1.791314080614316E-5
0.864,1.972047628977637E-5,-1.791314648464852E-5
0.865,1.972048098821325E-5,-1.7913150226381E-5
0.866,1.972048229986178E-5,-1.791315122505515E-5
0.867,1.972048033351026E-5,-1.791314957381002E-5
0.868,1.9720476123694833E-5,-1.7913146120294297E-5
0.869,1.9720471202714428E-5,-1.7913142111039055E-5
0.87,1.9720467094300868E-5,-1.79131387833602E-5
0.871,1.9720464862862116E-5,-1.791313699267355E-5
0.872,1.9720464886578117E-5,-1.791313704747539E-5
0.873,1.9720466833951298E-5,-1.7913138670035926E-5
0.874,1.9720469869624177E-5,-1.791314117473527E-5
0.875,1.9720472962237585E-5,-1.7913143715792094E-5
0.876,1.972047520912361E-5,-1.7913145560280774E-5
0.877,1.9720476084895625E-5,-1.7913146275145848E-5
0.878,1.9720475523116622E-5,-1.791314581488116E-5
0.879,1.9720473894171298E-5,-1.7913144480633233E-5
0.88,1.972047182239399E-5,-1.791314277330249E-5
0.881,1.972046996078659E-5,-1.7913141245534663E-5
0.882,1.972046882509624E-5,-1.7913140300009335E-5
0.883,1.9720468637764172E-5,-1.7913140139311406E-5
0.884,1.9720469320584285E-5,-1.7913140684667173E-5
0.885,1.972047055172895E-5,-1.7913141683756127E-5
0.886,1.9720471902213453E-5,-1.791314278436506E-5
0.887,1.9720472963991343E-5,-1.7913143653137077E-5
0.888,1.9720473470776943E-5,-1.7913144072207495E-5
0.889,1.9720473355756953E-5,-1.79131439874694E-5
0.89,1.9720472738498847E-5,-1.7913143492756112E-5
0.891,1.972047186807183E-5,-1.791314279203362E-5
0.892,1.9720471031950072E-5,-1.7913142116465493E-5
0.893,1.9720470464252643E-5,-1.7913141654848173E-5
0.894,1.9720470289570285E-5,-1.7913141512900342E-5
0.895,1.972047050385628E-5,-1.7913141687302285E-5
0.896,1.9720470992639896E-5,-1.7913142079583914E-5
0.897,1.972047157212804E-5,-1.7913142548291177E-5
0.898,1.9720472064308973E-5,-1.791314294544968E-5
0.899,1.972047234269399E-5,-1.791314316770983E-5
0.9,1.9720472353782123E-5,-1.791314317547595E-5
0.901,1.972047213523462E-5,-1.7913142995690883E-5
0.902,1.972047178093514E-5,-1.7913142707798442E-5
0.903,1.9720471413865776E-5,-1.791314240815219E-5
0.904,1.972047113985459E-5,-1.7913142186936547E-5
0.905,1.972047102653297E-5,-1.7913142095077135E-5
0.906,1.9720471081919097E-5,-1.7913142143709945E-5
0.907,1.972047126670697E-5,-1.7913142295640626E-5
0.908,1.9720471509564934E-5,-1.7913142495295687E-5
0.909,1.9720471731250363E-5,-1.7913142677103685E-5
0.91,1.972047187119731E-5,-1.7913142791552924E-5
0.911,1.972047190095811E-5,-1.7913142815427642E-5
0.912,1.9720471826723644E-5,-1.7913142755122874E-5
0.913,1.9720471685212916E-5,-1.791314263886997E-5
0.914,1.972047152646369E-5,-1.7913142508338883E-5
0.915,1.972047139971233E-5,-1.7913142404094057E-5
0.916,1.972047133618E-5,-1.791314235153175E-5
0.917,1.9720471345560643E-5,-1.7913142358639436E-5
0.918,1.9720471415041285E-5,-1.7913142414976435E-5
0.919,1.9720471516305615E-5,-1.7913142497461865E-5
0.92,1.972047161500029E-5,-1.7913142577674547E-5
0.921,1.9720471682954672E-5,-1.7913142633880194E-5
0.922,1.9720471705915147E-5,-1.7913142653024948E-5
0.923,1.9720471683096933E-5,-1.7913142634457576E-5
0.924,1.9720471626742347E-5,-1.7913142589390622E-5
0.925,1.9720471558925918E-5,-1.79131425337241E-5
0.926,1.9720471499833576E-5,-1.791314248601851E-5
0.927,1.9720471466684613E-5,-1.7913142458374615E-5
0.928,1.972047146405521E-5,-1.7913142454253515E-5
0.929,1.9720471488188546E-5,-1.7913142474275016E-5
0.93,1.9720471529771406E-5,-1.791314250768085E-5
0.931,1.9720471573136166E-5,-1.7913142543168847E-5
0.932,1.972047160597434E-5,-1.791314257053627E-5
0.933,1.9720471618598444E-5,-1.791314258159598E-5
0.934,1.9720471613706598E-5,-1.7913142576904743E-5
0.935,1.972047159186798E-5,-1.791314256023972E-5
0.936,1.9720471563286393E-5,-1.7913142534947244E-5
0.937,1.9720471536433283E-5,-1.7913142516174778E-5
0.9380000000000001,1.972047151827317E-5,-1.7913142499082395E-5
0.9390000000000001,1.9720471513390077E-5,-1.79131424980676E-5
0.9400000000000001,1.9720471521694896E-5,-1.791314250551066E-5
0.9410000000000001,1.9720471539996558E-5,-1.7913142517306695E-5
0.9420000000000001,1.972047155788908E-5,-1.7913142533138896E-5
0.9430000000000001,1.972047157190663E-5,-1.7913142545677013E-5
0.9440000000000001,1.9720471579766777E-5,-1.791314255258361E-5
0.9450000000000001,1.9720471578937505E-5,-1.7913142552012386E-5
0.9460000000000001,1.9720471571919898E-5,-1.7913142544657497E-5
0.9470000000000001,1.972047155901417E-5,-1.7913142534752924E-5
0.9480000000000001,1.9720471550238684E-5,-1.7913142524255265E-5
0.9490000000000001,1.9720471539876885E-5,-1.791314251738738E-5
0.9500000000000001,1.9720471535631055E-5,-1.791314251514127E-5
0.9510000000000001,1.972047153887943E-5,-1.7913142518033934E-5
0.9520000000000001,1.9720471546871253E-5,-1.7913142524061993E-5
0.9530000000000001,1.9720471555681E-5,-1.7913142531104137E-5
0.9540000000000001,1.9720471562709977E-5,-1.7913142538212285E-5
0.9550000000000001,1.9720471568634474E-5,-1.7913142540795606E-5
0.9560000000000001,1.9720471565861898E-5,-1.7913142541270334E-5
0.9570000000000001,1.9720471567157726E-5,-1.791314253930719E-5
0.9580000000000001,1.9720471559153275E-5,-1.791314253651623E-5
0.9590000000000001,1.9720471552577026E-5,-1.791314253189496E-5
0.96,1.9720471552390384E-5,-1.791314252382144E-5
0.961,1.972047154827889E-5,-1.7913142526500824E-5
0.962,1.972047154854594E-5,-1.791314252527633E-5
0.963,1.972047155229836E-5,-1.7913142526836605E-5
0.964,1.9720471556507507E-5,-1.79131425312557E-5
0.965,1.9720471559952772E-5,-1.7913142535721764E-5
0.966,1.9720471560459115E-5,-1.7913142536825536E-5
0.967,1.972047156555375E-5,-1.7913142537479865E-5
0.968,1.972047155878429E-5,-1.791314253363087E-5
0.969,1.972047155723543E-5,-1.7913142531705835E-5
0.97,1.9720471554668137E-5,-1.7913142529585254E-5
0.971,1.9720471551318105E-5,-1.791314252641578E-5
0.972,1.9720471549634112E-5,-1.7913142526669275E-5
0.973,1.9720471549765497E-5,-1.791314252638037E-5
0.974,1.972047154834323E-5,-1.7913142526834745E-5
0.975,1.9720471549721204E-5,-1.7913142529527615E-5
0.976,1.972047155373689E-5,-1.7913142531931E-5
0.977,1.9720471558087196E-5,-1.7913142533765897E-5
0.978,1.972047155928099E-5,-1.7913142533770945E-5
0.979,1.97204715578522E-5,-1.79131425319639E-5
0.98,1.9720471557439124E-5,-1.791314253288085E-5
0.981,1.9720471554512924E-5,-1.791314253244004E-5
0.982,1.972047155620602E-5,-1.7913142531769952E-5
0.983,1.9720471553574733E-5,-1.7913142527154713E-5
0.984,1.972047155253624E-5,-1.7913142527393336E-5
0.985,1.972047155481064E-5,-1.7913142529389362E-5
0.986,1.9720471554617512E-5,-1.7913142529234084E-5
0.987,1.972047155633435E-5,-1.7913142529902705E-5
0.988,1.9720471554656618E-5,-1.7913142534977845E-5
0.989,1.9720471561389506E-5,-1.791314253395052E-5
0.99,1.9720471559466484E-5,-1.7913142537067645E-5
0.991,1.972047155887554E-5,-1.7913142530420862E-5
0.992,1.9720471554640927E-5,-1.791314253068657E-5
0.993,1.9720471559630815E-5,-1.7913142531808733E-5
0.994,1.9720471556896498E-5,-1.7913142530245676E-5
0.995,1.9720471553899485E-5,-1.7913142529616374E-5
0.996,1.972047155352158E-5,-1.7913142529740285E-5
0.997,1.9720471554229828E-5,-1.791314253115887E-5
0.998,1.972047155483729E-5,-1.7913142532227624E-5
0.999,1.972047155767662E-5,-1.7913142532127193E-5
1,1.97204715583255E-5,-1.791314253180262E-5
