% Model,Annika's plate model_modified_flaprot_per.mph
% Version,COMSOL 5.1.0.145
% Date,"Jun 30 2015, 13:19"
% Table,Probe Table 1 - 
% t,"Strain tensor, XX component (1), Point Probe Expression 4","Strain tensor, XX component (1), Point Probe Expression 21"
0,2.1267557862550624E-18,-2.1267557862554203E-18
0.001,-4.1551607132700993E-19,4.1551607186358267E-19
0.002,-4.443581593543202E-19,4.443581593872616E-19
0.003,-4.222803507730706E-19,4.22280350827283E-19
0.004,-4.2901178123534157E-19,4.290117812907385E-19
0.005,-4.293001509244673E-19,4.2930015097061673E-19
0.006,-4.2927175692274596E-19,4.292717569549314E-19
0.007,-4.2927005323554625E-19,4.292700532544213E-19
0.008,-4.2927017251992653E-19,4.292701725273416E-19
0.009000000000000001,-4.29270182083287E-19,4.2927018208153006E-19
0.01,-4.2927018160890517E-19,4.292701816006477E-19
0.011,-4.2927018155922E-19,4.292701815472871E-19
0.012,-4.292701815620138E-19,4.292701815488997E-19
0.013000000000000001,-4.292701815624624E-19,4.292701815501465E-19
0.014,-4.2927018156195235E-19,4.2927018155173957E-19
0.015,-4.2927018156092443E-19,4.292701815535506E-19
0.016,-4.292701815596685E-19,4.2927018155524737E-19
0.017,-4.2927018155835736E-19,4.2927018155663346E-19
0.018000000000000002,-4.292701815571915E-19,4.2927018155765536E-19
0.019,-4.2927018155620397E-19,4.292701815583985E-19
0.02,-4.2927018155548527E-19,4.292701815588087E-19
0.021,-4.292701815550912E-19,4.2927018155887996E-19
0.022,-4.292701815550633E-19,4.292701815587099E-19
0.023,-4.2927018155533827E-19,4.292701815583384E-19
0.024,-4.2927018155582813E-19,4.292701815578809E-19
0.025,-4.292701815564217E-19,4.292701815574126E-19
0.026000000000000002,-4.292701815570253E-19,4.292701815569918E-19
0.027,-4.2927018155746753E-19,4.2927018155669653E-19
0.028,-4.2927018155771583E-19,4.29270181556523E-19
0.029,-4.2927018155781347E-19,4.2927018155646354E-19
0.03,-2.2151832857142644E-19,2.2151832938601498E-19
0.031,-5.930266498196755E-19,5.930266487078907E-19
0.032,-4.3102190752029833E-19,4.310219070496419E-19
0.033,-4.275424500649427E-19,4.2754245006161876E-19
0.034,-4.282970632193503E-19,4.2829706334692813E-19
0.035,-4.283379321008193E-19,4.283379322526549E-19
0.036000000000000004,-4.284095346311092E-19,4.284095347944451E-19
0.037,-9.531801325244542E-19,9.53180131589766E-19
0.038,3.3361859819794496E-19,-3.336185962119826E-19
0.039,-5.151428130781747E-19,5.151428137979195E-19
0.04,-4.338329781258201E-19,4.338329779196418E-19
0.041,-4.2890835729022395E-19,4.289083568684353E-19
0.042,-4.292441348386709E-19,4.292441344308156E-19
0.043000000000000003,-4.292716587987231E-19,4.2927165843621265E-19
0.044,-4.292703238481116E-19,4.292703235445217E-19
0.045,-4.29270176194501E-19,4.292701759682108E-19
0.046,-4.2927018133357552E-19,4.2927018119308876E-19
0.047,-4.2927018214204336E-19,4.2927018208216028E-19
0.048,-4.2927018202167707E-19,4.292701820277633E-19
0.049,-4.292701818494901E-19,4.292701819091815E-19
0.05,-4.292701816470267E-19,4.2927018174232974E-19
0.051000000000000004,-4.292701814532108E-19,4.292701815644612E-19
0.052000000000000005,-4.292701813496781E-19,4.292701814514586E-19
0.053,-4.292701813253308E-19,4.292701814074698E-19
0.054,-4.2927018135859205E-19,4.2927018141624713E-19
0.055,-4.292701814228127E-19,4.292701814554844E-19
0.056,-4.2927018149365897E-19,4.2927018150416376E-19
0.057,-4.2927018155380557E-19,4.292701815469136E-19
0.058,-4.29270181594196E-19,4.2927018157555996E-19
0.059000000000000004,-4.292701816197846E-19,4.2927018159325925E-19
0.06,-4.292701816261835E-19,4.292701815966352E-19
0.061,-4.2927018161524783E-19,4.292701815873032E-19
0.062,-4.2927018159282457E-19,4.292701815701067E-19
0.063,-4.292701815664117E-19,4.292701815512012E-19
0.064,-4.292701815464696E-19,4.292701815394335E-19
0.065,-4.2927018153607555E-19,4.2927018153584675E-19
0.066,-4.2927018153385616E-19,4.292701815385971E-19
0.067,-4.292701815360233E-19,4.2927018154438204E-19
0.068,-4.292701815422431E-19,4.292701815524625E-19
0.069,-4.292701815504508E-19,4.2927018156080107E-19
0.07,-4.2927018155827926E-19,4.292701815672882E-19
0.07100000000000001,-4.292701815639029E-19,4.2927018157054016E-19
0.07200000000000001,-4.292701815663821E-19,4.2927018157011814E-19
0.073,-4.2927018156581384E-19,4.292701815666444E-19
0.074,-4.2927018156305566E-19,4.2927018156134096E-19
0.075,-4.2927018155934103E-19,4.2927018155576453E-19
0.076,-4.2927018155590237E-19,4.2927018155130065E-19
0.077,-4.2927018155361957E-19,4.2927018154880917E-19
0.078,-4.292701815529E-19,4.292701815486006E-19
0.079,-4.2927018155363247E-19,4.2927018155034693E-19
0.08,-4.292701815553052E-19,4.29270181553325E-19
0.081,-4.2927018155724903E-19,4.292701815566144E-19
0.082,-4.2927018155851028E-19,4.292701815589595E-19
0.083,-4.292701815589214E-19,4.2927018156010755E-19
0.084,-4.2927018155867913E-19,4.292701815602359E-19
0.085,-4.2927018155812976E-19,4.2927018155983714E-19
0.08600000000000001,-4.2927018155731745E-19,4.2927018155897197E-19
0.08700000000000001,-4.292701815565125E-19,4.2927018155785016E-19
0.088,-4.292701815559041E-19,4.2927018155682297E-19
0.089,-4.292701815556505E-19,4.292701815560862E-19
0.09,-4.2927018155576607E-19,4.292701815557387E-19
0.091,-4.292701815561993E-19,4.292701815558049E-19
0.092,-4.2927018155681006E-19,4.292701815561524E-19
0.093,-4.292701815574044E-19,4.2927018155663375E-19
0.094,-4.2927018155785536E-19,4.292701815570875E-19
0.095,-4.292701815580595E-19,4.2927018155741023E-19
0.096,-4.2927018155800756E-19,4.292701815575459E-19
0.097,-4.2927018155774563E-19,4.292701815575037E-19
0.098,-4.292701815573671E-19,4.2927018155734663E-19
0.099,-4.292701815569681E-19,4.2927018155713487E-19
0.1,-4.2927018155671613E-19,4.292701815569813E-19
0.101,-4.292701815566082E-19,4.292701815569103E-19
0.10200000000000001,-4.2927018155662185E-19,4.292701815569213E-19
0.10300000000000001,-4.2927018155670448E-19,4.292701815569714E-19
0.10400000000000001,-4.292701815568288E-19,4.2927018155703665E-19
0.105,-4.292701815569792E-19,4.292701815571099E-19
0.106,-4.2927018155712255E-19,4.2927018155716155E-19
0.107,-4.2927018155720926E-19,4.2927018155717325E-19
0.108,-4.292701815572472E-19,4.292701815571648E-19
0.109,-4.2927018155722096E-19,4.29270181557105E-19
0.11,-4.2927018155718297E-19,4.2927018155704267E-19
0.111,-4.292701815571136E-19,4.292701815569936E-19
0.112,-4.2927018155704772E-19,4.2927018155696327E-19
0.113,-4.2927018155700574E-19,4.292701815569341E-19
0.114,-4.292701815569867E-19,4.292701815569548E-19
0.115,-4.292701815569869E-19,4.2927018155698985E-19
0.116,-4.292701815570036E-19,4.292701815570434E-19
0.117,-4.2927018155702803E-19,4.2927018155707527E-19
0.11800000000000001,-4.2927018155705697E-19,4.2927018155710675E-19
0.11900000000000001,-4.2927018155707055E-19,4.2927018155712784E-19
0.12,-4.292701815570721E-19,4.2927018155713564E-19
0.121,-4.292701815570743E-19,4.2927018155710362E-19
0.122,-4.2927018155706174E-19,4.2927018155707127E-19
0.123,-4.292701815570484E-19,4.292701815570483E-19
0.124,-4.2927018155704315E-19,4.2927018155702827E-19
0.125,-4.2927018155704382E-19,4.2927018155702423E-19
0.126,-4.292701815570485E-19,4.292701815570171E-19
0.127,-4.292701815570535E-19,4.292701815570281E-19
0.128,-4.292701815570595E-19,4.292701815570327E-19
0.129,-4.2927018155706275E-19,4.292701815570474E-19
0.13,-4.2927018155706785E-19,4.2927018155705745E-19
0.131,-4.2927018155706294E-19,4.292701815570658E-19
0.132,-4.292701815570571E-19,4.2927018155706535E-19
0.133,-4.292701815570615E-19,4.292701815570592E-19
0.134,-4.2927018155705394E-19,4.292701815570614E-19
0.135,-4.292701815570449E-19,4.2927018155705466E-19
0.136,-4.2927018155703853E-19,4.2927018155704975E-19
0.137,-4.292701815570521E-19,4.2927018155705292E-19
0.138,-4.2927018155704382E-19,4.2927018155704772E-19
0.139,-4.2927018155705153E-19,4.2927018155704705E-19
0.14,-4.292701815570496E-19,4.2927018155704705E-19
0.14100000000000001,-4.292701815570587E-19,4.2927018155704777E-19
0.14200000000000002,-4.29270181557056E-19,4.2927018155704734E-19
0.14300000000000002,-4.2927018155705644E-19,4.2927018155705466E-19
0.14400000000000002,-4.2927018155705803E-19,4.292701815570536E-19
0.145,-4.292701815570525E-19,4.292701815570536E-19
0.146,-4.292701815570447E-19,4.2927018155704955E-19
0.147,-4.2927018155705456E-19,4.292701815570566E-19
0.148,-4.292701815570527E-19,4.292701815570457E-19
0.149,-4.2927018155704686E-19,4.2927018155705023E-19
0.15,-4.292701815570549E-19,4.2927018155704382E-19
0.151,-4.2927018155705403E-19,4.292701815570558E-19
0.152,-4.292701815570543E-19,4.292701815570522E-19
0.153,-4.2927018155705735E-19,4.292701815570467E-19
0.154,-4.292701815570483E-19,4.2927018155704927E-19
0.155,-4.292701815570499E-19,4.2927018155705254E-19
0.156,-4.292701815570574E-19,4.292701815570523E-19
0.157,-4.292701815570542E-19,4.292701815570512E-19
0.158,-4.2927018155705215E-19,4.2927018155705437E-19
0.159,-4.292701815570588E-19,4.2927018155705032E-19
0.16,-4.2927018155705596E-19,4.2927018155705013E-19
0.161,-4.2927018155705235E-19,4.2927018155704705E-19
0.162,-4.2927018155705134E-19,4.292701815570407E-19
0.163,-4.292701815570559E-19,4.292701815570435E-19
0.164,-4.2927018155705143E-19,4.29270181557043E-19
0.165,-4.2927018155705085E-19,4.292701815570489E-19
0.166,-4.2927018155706135E-19,4.292701815570438E-19
0.167,-4.2927018155705283E-19,4.292701815570528E-19
0.168,-4.2927018155705317E-19,4.292701815570493E-19
0.169,-4.29270181557061E-19,4.2927018155704026E-19
0.17,-4.292701815570497E-19,4.292701815570449E-19
0.171,-4.2927018155705394E-19,4.2927018155704243E-19
0.17200000000000001,-4.2927018155706024E-19,4.2927018155704893E-19
0.17300000000000001,-4.29270181557054E-19,4.292701815570492E-19
0.17400000000000002,-4.2927018155705456E-19,4.2927018155704825E-19
0.17500000000000002,-4.2927018155705673E-19,4.292701815570556E-19
0.176,-4.2927018155705307E-19,4.292701815570529E-19
0.177,-4.2927018155705543E-19,4.292701815570507E-19
0.178,-4.2927018155705524E-19,4.2927018155705143E-19
0.179,-4.2927018155705716E-19,4.292701815570539E-19
0.18,-4.2927018155705384E-19,4.2927018155704233E-19
0.181,-4.292701815570575E-19,4.2927018155704512E-19
0.182,-4.2927018155705427E-19,4.2927018155704893E-19
0.183,-4.292701815570509E-19,4.292701815570453E-19
0.184,-4.292701815570609E-19,4.29270181557048E-19
0.185,-4.2927018155705697E-19,4.2927018155704965E-19
0.186,-4.292701815570544E-19,4.292701815570325E-19
0.187,-4.2927018155706005E-19,4.292701815570522E-19
0.188,-4.2927018155706087E-19,4.2927018155705764E-19
0.189,-4.2927018155705986E-19,4.292701815570457E-19
0.19,-4.292701815570553E-19,4.292701815570485E-19
0.191,-4.2927018155705764E-19,4.292701815570506E-19
0.192,-4.2927018155705697E-19,4.2927018155705336E-19
0.193,-4.292701815570564E-19,4.292701815570427E-19
0.194,-4.2927018155705995E-19,4.2927018155705336E-19
0.195,-4.292701815570563E-19,4.2927018155704686E-19
0.196,8.711775844002662E-8,-8.711813974556671E-8
0.197,5.219452823589733E-7,-5.219584056225686E-7
0.198,1.0650414432958242E-6,-1.0650722750981337E-6
0.199,2.702923557033026E-6,-2.702594420869019E-6
0.2,2.3152892840215195E-6,-2.31357909743717E-6
0.201,2.831336468871633E-6,-2.8279300124520764E-6
0.202,3.122396336359753E-6,-3.116510969326361E-6
0.203,3.2038674748086318E-6,-3.194944563513879E-6
0.20400000000000001,3.0975991708093205E-6,-3.085631990453463E-6
0.20500000000000002,2.747702592608654E-6,-2.733302196888645E-6
0.20600000000000002,2.370622858768448E-6,-2.3551744122055015E-6
0.20700000000000002,2.725198988551193E-6,-2.7100541918675244E-6
0.20800000000000002,2.842473172599023E-6,-2.826327009242296E-6
0.209,2.873233452748994E-6,-2.8559284106653854E-6
0.21,2.9337279939746543E-6,-2.9153984373014275E-6
0.211,2.9919377431799135E-6,-2.972615770230117E-6
0.212,3.0459609848177972E-6,-3.0256526316086054E-6
0.213,3.0975132521504125E-6,-3.0762357124466835E-6
0.214,3.146208755739061E-6,-3.12398074324174E-6
0.215,3.191966718240378E-6,-3.1688102403807175E-6
0.216,3.234774894336973E-6,-3.21071544741449E-6
0.217,3.274591576628943E-6,-3.249657876658014E-6
0.218,3.3113794948731894E-6,-3.2856034006944675E-6
0.219,3.3451043864583007E-6,-3.318520795123182E-6
0.22,3.3757333666693604E-6,-3.3483800920110743E-6
0.221,3.403235389119987E-6,-3.3751530343095338E-6
0.222,3.427581271498665E-6,-3.398813095155823E-6
0.223,3.4487436880096886E-6,-3.4193354575503573E-6
0.224,3.466697196765745E-6,-3.4366970399651297E-6
0.225,3.4814182571286464E-6,-3.4508765000018043E-6
0.226,3.492885247374016E-6,-3.4618542499738742E-6
0.227,3.501078479472868E-6,-3.46961246314299E-6
0.228,3.505980215953123E-6,-3.47413508542314E-6
0.229,3.5075746846837823E-6,-3.475407841878923E-6
0.23,3.50584808976813E-6,-3.4734182449750283E-6
0.231,3.500788625902903E-6,-3.468155603034745E-6
0.232,3.4923864883581568E-6,-3.459611024311359E-6
0.233,3.480633880684641E-6,-3.4477774274277197E-6
0.234,3.465525029585585E-6,-3.4326495409113317E-6
0.23500000000000001,3.447056184812613E-6,-3.4142239104645836E-6
0.23600000000000002,3.4252256309080878E-6,-3.3924989039191164E-6
0.23700000000000002,3.4000336900344447E-6,-3.367474713314023E-6
0.23800000000000002,3.371482726517433E-6,-3.3391533564952635E-6
0.23900000000000002,3.3395771485981864E-6,-3.307538680101123E-6
0.24,3.3043234129591154E-6,-3.272636360021915E-6
0.241,3.265730022784488E-6,-3.2344539060906727E-6
0.242,3.223807525852233E-6,-3.193000653014015E-6
0.243,3.178568517347662E-6,-3.1482877694204638E-6
0.244,3.1300276304890228E-6,-3.1003282487392685E-6
0.245,3.0782015355525867E-6,-3.049136909932458E-6
0.246,3.0231089326041544E-6,-2.9947303973803516E-6
0.247,2.9647705463018276E-6,-2.937127170563421E-6
0.248,2.903209113954169E-6,-2.8763475032990127E-6
0.249,2.8384493812250305E-6,-2.8124134795537273E-6
0.25,2.770518085247753E-6,-2.745348985151439E-6
0.251,2.6994439502675408E-6,-2.6751797052163138E-6
0.252,2.6252576632720678E-6,-2.6019331060345416E-6
0.253,2.5479918736931026E-6,-2.5256384439257115E-6
0.254,2.4676811637913114E-6,-2.446326739957483E-6
0.255,2.3843620403157077E-6,-2.3640307795223115E-6
0.256,2.2980729115220338E-6,-2.278785098189047E-6
0.257,2.208854073863963E-6,-2.1906259752775157E-6
0.258,2.1167476840501754E-6,-2.0995914110989475E-6
0.259,2.0217977419677386E-6,-2.0057211265465843E-6
0.26,1.924050066333528E-6,-1.9090565404471275E-6
0.261,1.823552271407301E-6,-1.8096407651892362E-6
0.262,1.7203537385491704E-6,-1.7075185784683508E-6
0.263,1.6145055991638014E-6,-1.6027364176870055E-6
0.264,1.5060606925535724E-6,-1.495342361164304E-6
0.265,1.3950735534424425E-6,-1.3853861077910824E-6
0.266,1.281600368434392E-6,-1.2729189637280492E-6
0.267,1.1656989579376047E-6,-1.1579938176061792E-6
0.268,1.047428735828677E-6,-1.0406651256636023E-6
0.269,9.268506836954439E-7,-9.209888915534223E-7
0.27,8.040273109175224E-7,-7.990226437645562E-7
0.271,6.790226294920044E-7,-6.748254147842357E-7
0.272,5.519021050379268E-7,-5.484577140710156E-7
0.273,4.2273264027476533E-7,-4.19981512407568E-7
0.274,2.915825236746192E-7,-2.894602143324567E-7
0.275,1.5852139527428123E-7,-1.5695863268827455E-7
0.276,2.3620212313835174E-8,-2.254296620901595E-8
0.277,-1.1304878536066939E-7,1.137192284228488E-7
0.278,-2.5151748413165576E-7,2.5184967803598923E-7
0.279,-3.9147946533090716E-7,3.9157732512063454E-7
0.28,-5.3297943183871E-7,5.329350291696893E-7
0.281,-6.759506639836098E-7,6.758601295980993E-7
0.28200000000000003,-8.20310531508803E-7,8.202741224802826E-7
0.28300000000000003,-9.659810733600106E-7,9.661029269220421E-7
0.28400000000000003,-1.1128825698272329E-6,1.1132705597591728E-6
0.28500000000000003,-1.2609341568727812E-6,1.261699710500333E-6
0.28600000000000003,-1.4100541555691452E-6,1.4113120640619377E-6
0.28700000000000003,-1.5601600211466943E-6,1.562028239136904E-6
0.28800000000000003,-1.7111683909900067E-6,1.7137678278920617E-6
0.289,-1.8629951285818848E-6,1.8664494334589996E-6
0.29,-2.0155553778626493E-6,2.0199906946573412E-6
0.291,-2.168763588570981E-6,2.174308335545389E-6
0.292,-2.322668062277956E-6,2.329470006876198E-6
0.293,-2.476919993207645E-6,2.485096977714266E-6
0.294,-2.6315487941725113E-6,2.6412348983348202E-6
0.295,-2.786479023991475E-6,2.7978096892453194E-6
0.296,-3.1677268175485846E-6,3.180772721552241E-6
0.297,-4.212929826524115E-6,4.228383995157722E-6
0.298,-4.793308624100586E-6,4.814171728478322E-6
0.299,-5.203167204272495E-6,5.230853132928311E-6
0.3,-5.534870657053747E-6,5.57024605757463E-6
0.301,-5.73683986201823E-6,5.780472366852075E-6
0.302,-5.802762048283532E-6,5.854549998998557E-6
0.303,-5.7313771052782115E-6,5.790472001382209E-6
0.304,-5.522661834545224E-6,5.587489196123578E-6
0.305,-5.18055690851876E-6,5.248909416604877E-6
0.306,-4.902982401188349E-6,4.972149922268854E-6
0.307,-5.2004339416840015E-6,5.268606228276157E-6
0.308,-5.275543514273244E-6,5.345210234987047E-6
0.309,-5.2881456177520475E-6,5.359429655065951E-6
0.31,-5.325924294796358E-6,5.398541177943993E-6
0.311,-5.361915594958751E-6,5.43580254505386E-6
0.312,-5.394941610245862E-6,5.470063953413561E-6
0.313,-5.426360799180444E-6,5.502671741352111E-6
0.314,-5.455869087632039E-6,5.533323407775893E-6
0.315,-5.48343056416016E-6,5.561981471019565E-6
0.316,-5.509058130990967E-6,5.58865707461714E-6
0.317,-5.532740101483225E-6,5.613337086859357E-6
0.318,-5.554467960196843E-6,5.636011582107777E-6
0.319,-5.57423478462932E-6,5.656672294523001E-6
0.32,-5.592033972785663E-6,5.6753113543775895E-6
0.321,-5.607859607364501E-6,5.69192165675159E-6
0.322,-5.6217064586568065E-6,5.706496861046818E-6
0.323,-5.633569962020514E-6,5.719031370367931E-6
0.324,-5.64344622710751E-6,5.7295203454158275E-6
0.325,-5.651332035506145E-6,5.7379596992982255E-6
0.326,-5.657224842866707E-6,5.744346104585213E-6
0.327,-5.661122780298736E-6,5.748676994830169E-6
0.328,-5.6630246537074955E-6,5.7509505620277425E-6
0.329,-5.662929944145796E-6,5.751165762260268E-6
0.33,-5.660838808607956E-6,5.749322313964019E-6
0.331,-5.656752079443137E-6,5.745420699297689E-6
0.332,-5.65067126376114E-6,5.739462164006415E-6
0.333,-5.64265699227435E-6,5.731487129914009E-6
0.334,-5.632577100264169E-6,5.7214034912405845E-6
0.335,-5.620508314685698E-6,5.7092679327418686E-6
0.336,-5.606460357998386E-6,5.69509006058852E-6
0.337,-5.590455522286449E-6,5.678912372788349E-6
0.338,-5.572480164405897E-6,5.66068184680499E-6
0.339,-5.5525391364962566E-6,5.640423376568133E-6
0.34,-5.530640742255966E-6,5.618145886394144E-6
0.341,-5.5067919960836374E-6,5.593856843414535E-6
0.342,-5.48100115393465E-6,5.567565148404172E-6
0.343,-5.453277099271114E-6,5.539280392552876E-6
0.34400000000000003,-5.4236293408466215E-6,5.509012879488391E-6
0.34500000000000003,-5.3920680489212065E-6,5.476773657316288E-6
0.34600000000000003,-5.3586040469229604E-6,5.442574509575992E-6
0.34700000000000003,-5.3232488032059275E-6,5.406427946350746E-6
0.34800000000000003,-5.286014432806512E-6,5.368347204749011E-6
0.34900000000000003,-5.2469136898748805E-6,5.328346236718023E-6
0.35000000000000003,-5.205959965940238E-6,5.286439710154886E-6
0.35100000000000003,-5.1631672861829075E-6,5.242642999754175E-6
0.352,-5.118550303619535E-6,5.196972182955615E-6
0.353,-5.0721242961783506E-6,5.149444028415114E-6
0.354,-5.023905162086532E-6,5.100075997088966E-6
0.355,-4.973909413663369E-6,5.048886231488968E-6
0.356,-4.922154174163066E-6,4.995893544847342E-6
0.357,-4.86865717061033E-6,4.941117419159967E-6
0.358,-4.8134367303968514E-6,4.884577995177021E-6
0.359,-4.756511774377095E-6,4.82629606263649E-6
0.36,-4.697901811643319E-6,4.76629305750596E-6
0.361,-4.637626932985667E-6,4.704591042258805E-6
0.362,-4.5757078074435345E-6,4.641212712882477E-6
0.363,-4.512165669919648E-6,4.576181371681506E-6
0.364,-4.447022323161114E-6,4.5095209325961645E-6
0.365,-4.3803001214669E-6,4.441255903778905E-6
0.366,-4.31202197083355E-6,4.37141138112037E-6
0.367,-4.2422113200803404E-6,4.300013034434057E-6
0.368,-4.17089215028828E-6,4.227087098810454E-6
0.369,-4.098088976514019E-6,4.152660367407533E-6
0.37,-4.023826824898441E-6,4.076760174984749E-6
0.371,-3.948131241819059E-6,3.9994143881122635E-6
0.372,-3.8710282740447815E-6,3.920651399841877E-6
0.373,-3.7925444603537265E-6,3.840500107502563E-6
0.374,-3.7127068373827142E-6,3.758989910493902E-6
0.375,-3.6315429076944702E-6,3.6761506945347947E-6
0.376,-3.5490806564170995E-6,3.59201281967305E-6
0.377,-3.465348523564834E-6,3.5066071058247317E-6
0.378,-3.380375403469045E-6,3.419964826473642E-6
0.379,-3.294190632427014E-6,3.332117693641679E-6
0.38,-3.2068239818601793E-6,3.243097838487687E-6
0.381,-3.118305650126245E-6,3.1529378068388104E-6
0.382,-3.0286662429792527E-6,3.0616705457012836E-6
0.383,-2.9379367840195575E-6,2.969329385705029E-6
0.384,-2.846148678805869E-6,2.8759480291548833E-6
0.385,-2.753333722737834E-6,2.7815605399275653E-6
0.386,-2.6595240928265075E-6,2.6862013226966293E-6
0.387,-2.564752319980412E-6,2.589905124736578E-6
0.388,-2.4690512973322098E-6,2.492707002838215E-6
0.389,-2.3724542563689072E-6,2.3946423199085875E-6
0.39,-2.2749947672232893E-6,2.295746732231176E-6
0.391,-2.1767067151649463E-6,2.1960561731456187E-6
0.392,-2.0776242988933056E-6,2.095606840016465E-6
0.393,-1.9777820184500796E-6,1.9944351740687535E-6
0.394,-1.8772146608557553E-6,1.892577860401886E-6
0.395,-1.775957293087432E-6,1.7900717980968756E-6
0.396,-1.6740452409707078E-6,1.6869540971909879E-6
0.397,-1.5715140922605482E-6,1.5832620580692256E-6
0.398,-1.4683996688995872E-6,1.4790331654691253E-6
0.399,-1.3647380339986557E-6,1.3743050569781776E-6
0.4,-1.260565455310444E-6,1.2691155352046486E-6
0.401,-1.1559184203007784E-6,1.1635025280177172E-6
0.402,-1.0508336009961852E-6,1.057504085327828E-6
0.403,-9.453478598680734E-7,9.511583751731551E-7
0.404,-8.394982194958895E-7,8.445036437932078E-7
0.405,-7.333218664112651E-7,7.37578228965383E-7
0.406,-6.268561298511243E-7,6.304205255880524E-7
0.40700000000000003,-5.201384717240421E-7,5.230689827523493E-7
0.40800000000000003,-4.132064712336562E-7,4.155620880463902E-7
0.40900000000000003,-3.060978168850613E-7,3.079383415066673E-7
0.41000000000000003,-1.9885028786081747E-7,2.0023626648435634E-7
0.41100000000000003,-9.150174794247924E-8,9.249437014913239E-8
0.41200000000000003,1.5909877540409855E-8,-1.5248858467598038E-8
0.41300000000000003,1.2334660381974116E-7,-1.229549617398623E-7
0.41400000000000003,2.3077040477159834E-7,-2.305855327511244E-7
0.41500000000000004,3.381432344962174E-7,-3.3810221991558835E-7
0.41600000000000004,4.454282706151186E-7,-4.454682319410191E-7
0.417,5.525840957587681E-7,-5.526414150469504E-7
0.418,6.595751823601663E-7,-6.59586702742005E-7
0.419,7.663636921312548E-7,-7.662663222690387E-7
0.42,8.729115266309652E-7,-8.726423303128948E-7
0.421,9.791786390184539E-7,-9.78674532803279E-7
0.422,1.0851295803999005E-6,-1.0843282736011218E-6
0.423,1.1907258049143573E-6,-1.1895652698989437E-6
0.424,1.2959295001697183E-6,-1.2943482127907796E-6
0.425,1.4007031166885671E-6,-1.3986401589254742E-6
0.426,1.5050091744379374E-6,-1.5024043158311798E-6
0.427,1.6088103401979806E-6,-1.6056041156619233E-6
0.428,1.7120694233153616E-6,-1.7082032280484364E-6
0.429,1.8147493966725973E-6,-1.810165572282853E-6
0.43,1.916813410774011E-6,-1.91145531480683E-6
0.431,2.018224798825001E-6,-2.012036896189968E-6
0.432,2.1189471072354223E-6,-2.1118750411218157E-6
0.433,2.2189440874871977E-6,-2.210934767834891E-6
0.434,2.31817973171697E-6,-2.309181398943231E-6
0.435,2.4166182669013064E-6,-2.4065805711152108E-6
0.436,2.5142241813632754E-6,-2.5030982588323166E-6
0.437,2.610962234542406E-6,-2.598700763980805E-6
0.438,2.7067974637670526E-6,-2.693354755805853E-6
0.439,2.801695210691576E-6,-2.787027243697217E-6
0.44,2.8956211248906956E-6,-2.879685632020372E-6
0.441,2.98854117618296E-6,-2.9712976905984577E-6
0.442,3.080421676793577E-6,-3.0618316005922437E-6
0.443,3.1712292806744027E-6,-3.1512559310050357E-6
0.444,3.2609310116480915E-6,-3.239539672419578E-6
0.445,3.3494942611598983E-6,-3.3266522482945712E-6
0.446,3.4368868172128653E-6,-3.412563495535771E-6
0.447,3.5230768623277847E-6,-3.497243713470701E-6
0.448,3.608032990182669E-6,-3.5806636494296295E-6
0.449,3.691724225208187E-6,-3.6627945060730435E-6
0.45,3.7741200223794957E-6,-3.7436079644287763E-6
0.451,3.855190292418304E-6,-3.823076182684639E-6
0.452,3.934905399322625E-6,-3.90117181162052E-6
0.453,4.013236185693741E-6,-3.9778679911528176E-6
0.454,4.090153976830153E-6,-4.053138371581334E-6
0.455,4.1656305897758876E-6,-4.126957120639185E-6
0.456,4.239638353956782E-6,-4.199298917775162E-6
0.457,4.312150113248264E-6,-4.270138975636538E-6
0.458,4.383139237813111E-6,-4.339453048381868E-6
0.459,4.452579641670723E-6,-4.407217424464537E-6
0.46,4.520445783044074E-6,-4.473408948060064E-6
0.461,4.586712685335986E-6,-4.538005019329782E-6
0.462,4.6513559363103345E-6,-4.600983602088315E-6
0.463,4.714351706570333E-6,-4.662323232317601E-6
0.464,4.775676754034109E-6,-4.7220030212546966E-6
0.465,4.8353084362859446E-6,-4.78000266036003E-6
0.466,4.893224719381725E-6,-4.836302435278455E-6
0.467,4.9494041835596525E-6,-4.890883221641214E-6
0.468,5.003826034557582E-6,-4.943726496424915E-6
0.46900000000000003,5.056470114680555E-6,-4.9948143392282835E-6
0.47000000000000003,5.1073169049657375E-6,-5.044129443790729E-6
0.47100000000000003,5.156347541051667E-6,-5.091655113648594E-6
0.47200000000000003,5.2035438076826505E-6,-5.1373752749096634E-6
0.47300000000000003,5.248888161461399E-6,-5.181274477835226E-6
0.47400000000000003,5.292363733860503E-6,-5.223337899875843E-6
0.47500000000000003,5.333954327641967E-6,-5.2635513518018625E-6
0.47600000000000003,5.373644438305331E-6,-5.3019012785534325E-6
0.47700000000000004,5.411419252425801E-6,-5.338374768653109E-6
0.47800000000000004,5.447264654423146E-6,-5.372959550646209E-6
0.47900000000000004,5.481167232987108E-6,-5.405644000979915E-6
0.48,5.513114290573283E-6,-5.436417148371319E-6
0.481,5.543093842289425E-6,-5.465268673158628E-6
0.482,5.571094624728661E-6,-5.492188909068852E-6
0.483,5.59710610194561E-6,-5.517168851369268E-6
0.484,5.621118465733942E-6,-5.540200154780548E-6
0.485,5.643122647238616E-6,-5.561275136843854E-6
0.486,5.66311031112894E-6,-5.580386781763257E-6
0.487,5.681073867993178E-6,-5.5975287393284704E-6
0.488,5.697006472666271E-6,-5.612695327796221E-6
0.489,5.710902029903248E-6,-5.625881537024036E-6
0.49,5.722755194912661E-6,-5.637083027006998E-6
0.491,5.732561378648786E-6,-5.646296130541412E-6
0.492,5.740316748973457E-6,-5.653517854421335E-6
0.493,5.746018230645225E-6,-5.658745879881796E-6
0.494,5.7496635094291305E-6,-5.661978562131504E-6
0.495,5.75125103258308E-6,-5.663214932238274E-6
0.496,5.75078001046366E-6,-5.662454696964669E-6
0.497,5.748250415341965E-6,-5.659698237659883E-6
0.498,5.7436629842650274E-6,-5.6549466122134785E-6
0.499,5.73707052334208E-6,-5.648273021526069E-6
0.5,5.728355126972813E-6,-5.6395192636050924E-6
0.501,5.717584618080046E-6,-5.628773428823678E-6
0.502,5.704769231976686E-6,-5.61604593612363E-6
0.503,5.6899104956680515E-6,-5.601338071415269E-6
0.504,5.6730608286325495E-6,-5.584682120989482E-6
0.505,5.654154147369529E-6,-5.566051376858454E-6
0.506,5.633221476324643E-6,-5.545456774178771E-6
0.507,5.6102726137309725E-6,-5.522907465905521E-6
0.508,5.585315008082161E-6,-5.498410416528669E-6
0.509,5.558357853858456E-6,-5.471974147514951E-6
0.51,5.529410997322119E-6,-5.4436077694186905E-6
0.511,5.498484983527127E-6,-5.413321004432125E-6
0.512,5.465591107561176E-6,-5.381124241095108E-6
0.513,5.430741395502317E-6,-5.347028518978805E-6
0.514,5.393948600124212E-6,-5.311045522464112E-6
0.515,5.355226196528105E-6,-5.273187578939269E-6
0.516,5.314588378129537E-6,-5.23346765636952E-6
0.517,5.272050047396654E-6,-5.191899357245528E-6
0.518,5.227626813867426E-6,-5.148496918029993E-6
0.519,5.181334986761452E-6,-5.103275199129227E-6
0.52,5.133191566726149E-6,-5.056249686051936E-6
0.521,5.083214241125244E-6,-5.0074364820210425E-6
0.522,5.031421377554377E-6,-4.956852303792998E-6
0.523,4.977832013705109E-6,-4.904514476935866E-6
0.524,4.922465851914424E-6,-4.850440928147966E-6
0.525,4.865343250518867E-6,-4.794650183925608E-6
0.526,4.8064852132796675E-6,-4.737161363405621E-6
0.527,4.7459133895666235E-6,-4.6779941685676365E-6
0.528,4.6836500509428E-6,-4.617168882939983E-6
0.529,4.61971809751709E-6,-4.554706366676543E-6
0.53,4.5541410374432505E-6,-4.490628042168955E-6
0.531,4.486942983162491E-6,-4.424955899202211E-6
0.532,4.4181486395310296E-6,-4.357712475282894E-6
0.533,4.347783295847298E-6,-4.288920859601287E-6
0.534,4.2758728077275566E-6,-4.218604677606209E-6
0.535,4.202443603683961E-6,-4.1467880920805455E-6
0.536,4.127522654378326E-6,-4.073495785544214E-6
0.537,4.051137475487889E-6,-3.998752961170096E-6
0.538,3.973316107485372E-6,-3.9225853279695E-6
0.539,3.894087114688351E-6,-3.845019106572259E-6
0.54,3.8134795641233915E-6,-3.7660809958090215E-6
0.541,3.7315230171646748E-6,-3.6857981891286677E-6
0.542,3.648247517890537E-6,-3.6041983548641006E-6
0.543,3.5636835824392055E-6,-3.521309626899431E-6
0.544,3.4778621849506003E-6,-3.4371606000556146E-6
0.545,3.390814743515073E-6,-3.3517803142836508E-6
0.546,3.3025731094875104E-6,-3.2651982537486492E-6
0.547,3.213169561630908E-6,-3.177444333923486E-6
0.548,3.122636773767248E-6,-3.088548889584519E-6
0.549,3.031007822840491E-6,-2.9985426671094147E-6
0.55,2.9383161685994982E-6,-2.907456815345562E-6
0.551,2.8445956322401136E-6,-2.8153228747992803E-6
0.552,2.7498803916173276E-6,-2.7221727680462623E-6
0.553,2.6542049752917066E-6,-2.6280387902808054E-6
0.554,2.557604225600599E-6,-2.5329535967980435E-6
0.555,2.4601133042786407E-6,-2.4369501907814964E-6
0.556,2.3617676762068624E-6,-2.340061923122657E-6
0.557,2.262603095410006E-6,-2.2423224644711268E-6
0.558,2.162655574719677E-6,-2.1437658080795633E-6
0.559,2.061961403315869E-6,-2.0444262569528475E-6
0.56,1.9605570988208426E-6,-1.944338406334316E-6
0.561,1.8584794254929013E-6,-1.8435371356982772E-6
0.562,1.7557653514689305E-6,-1.7420576009645735E-6
0.5630000000000001,1.6524520501521745E-6,-1.6399352189693352E-6
0.5640000000000001,1.548576886917317E-6,-1.537205652532482E-6
0.5650000000000001,1.444177397044797E-6,-1.4339048074739972E-6
0.5660000000000001,1.339291278865183E-6,-1.3300688163769182E-6
0.5670000000000001,1.2339563744274138E-6,-1.225734023654834E-6
0.5680000000000001,1.1282106539001653E-6,-1.1209369764064261E-6
0.5690000000000001,1.0220922115611699E-6,-1.0157144126332237E-6
0.5700000000000001,9.156392399706531E-7,-9.10103248152852E-7
0.5710000000000001,8.088900194658482E-7,-8.04140563331866E-7
0.5720000000000001,7.018829050464871E-7,-6.9786359581379E-7
0.5730000000000001,5.946563156333923E-7,-5.913097178428121E-7
0.5740000000000001,4.872487084917141E-7,-4.845164310734919E-7
0.5750000000000001,3.7969858410203363E-7,-3.77521352068472E-7
0.5760000000000001,2.7204444995321534E-7,-2.703622040689497E-7
0.577,1.643248222910075E-7,-1.630767950955282E-7
0.578,5.657820725812901E-8,-5.5703008330909463E-8
0.579,-5.115691867341167E-8,5.172120635943421E-8
0.58,-1.5884210896599434E-7,1.5915785141207376E-7
0.581,-2.664389742168512E-7,2.6656888951759587E-7
0.582,-3.73911719156456E-7,3.7391840530809864E-7
0.583,-4.812156448041809E-7,4.811628765005822E-7
0.584,-5.883169821030305E-7,5.882679124519357E-7
0.585,-6.951779920188851E-7,6.951957605694402E-7
0.586,-8.0176058957213E-7,8.019082503169198E-7
0.587,-9.080255414933544E-7,9.083661831749437E-7
0.588,-1.0139364411270902E-6,1.0145326899413764E-6
0.589,-1.1194554454945867E-6,1.1203696218404129E-6
0.59,-1.2245451909142506E-6,1.2258391673958808E-6
0.591,-1.3291685724835985E-6,1.3309036780152032E-6
0.592,-1.433288666668955E-6,1.4355255972404367E-6
0.593,-1.5368687549393265E-6,1.5396675001889437E-6
0.594,-1.6398723525766889E-6,1.6432920958432283E-6
0.595,-1.7422632063028848E-6,1.746362248061906E-6
0.596,-1.8440053158179507E-6,1.8488409864460126E-6
0.597,-1.9450629430010907E-6,1.9506915210355803E-6
0.598,-2.0454006166013685E-6,2.051877259393196E-6
0.599,-2.144983160881461E-6,2.1523618078807563E-6
0.6,-2.243775693452724E-6,2.2521089976109318E-6
0.601,-2.3417436415538373E-6,2.351082901780523E-6
0.602,-2.4388527484068305E-6,2.449247830202613E-6
0.603,-2.535069103095962E-6,2.5465683593381004E-6
0.604,-2.630359123969883E-6,2.643009338790502E-6
0.605,-2.7246895920038407E-6,2.7385359127193816E-6
0.606,-2.8180276519792887E-6,2.833113515177413E-6
0.607,-2.9103408252236985E-6,2.926707906289772E-6
0.608,-3.001597018769897E-6,3.019285167952022E-6
0.609,-3.0917645383318E-6,3.110811721274494E-6
0.61,-3.1808120978939622E-6,3.2012543474128467E-6
0.611,-3.268708827469262E-6,3.290580187512553E-6
0.612,-3.3554242877122105E-6,3.3787567685493437E-6
0.613,-3.4409284722642983E-6,3.465752001830405E-6
0.614,-3.525191823130586E-6,3.5515342115964987E-6
0.615,-3.60818524235092E-6,3.636072129318193E-6
0.616,-3.689880089043968E-6,3.7193349221175694E-6
0.617,-3.770248203957022E-6,3.801292198374852E-6
0.618,-3.8492619072455546E-6,3.881914017526124E-6
0.619,-3.9268940110603715E-6,3.961170900513302E-6
0.62,-4.003117827846529E-6,4.039033848491393E-6
0.621,-4.0779071758944505E-6,4.115474354957684E-6
0.622,-4.151236394633243E-6,4.1904644016994255E-6
0.623,-4.2230803408004365E-6,4.263976488811485E-6
0.624,-4.293414406899435E-6,4.335983635529019E-6
0.625,-4.362214518493348E-6,4.406459390594177E-6
0.626,-4.429457156825792E-6,4.475377850796826E-6
0.627,-4.495119345130441E-6,4.5427136602598466E-6
0.628,-4.55917867465189E-6,4.608442028292903E-6
0.629,-4.621613296943476E-6,4.672538738073006E-6
0.63,-4.6824019368013775E-6,4.734980153638911E-6
0.631,-4.741523902881123E-6,4.7957432328599136E-6
0.632,-4.798959083485684E-6,4.854805533916779E-6
0.633,-4.854687957660762E-6,4.912145226292945E-6
0.634,-4.908691602105931E-6,4.967741097990975E-6
0.635,-4.960951693651819E-6,5.021572567620112E-6
0.636,-5.011450516892897E-6,5.0736196881294E-6
0.637,-5.060170966525878E-6,5.1238631582846155E-6
0.638,-5.107096555537619E-6,5.1722843256936296E-6
0.639,-5.152211416218197E-6,5.2188652053124315E-6
0.64,-5.195500308491049E-6,5.263588474643419E-6
0.641,-5.236948618792344E-6,5.30643748449415E-6
0.642,-5.276542370101154E-6,5.3473962743574035E-6
0.643,-5.314268221224743E-6,5.386449564126139E-6
0.644,-5.350113473796449E-6,5.423582774379351E-6
0.645,-5.384066071345865E-6,5.458782024040198E-6
0.646,-5.416114608645536E-6,5.492034138997572E-6
0.647,-5.446248329643161E-6,5.523326656900876E-6
0.648,-5.474457131767185E-6,5.552647834043409E-6
0.649,-5.500731570660852E-6,5.579986649340085E-6
0.65,-5.525062862076528E-6,5.605332810010387E-6
0.651,-5.547442877771341E-6,5.628676750723149E-6
0.652,-5.567864161196026E-6,5.6500096484475235E-6
0.653,-5.586319916481158E-6,5.6693234176946346E-6
0.654,-5.602804015559935E-6,5.686610713319157E-6
0.655,-5.617311001975022E-6,5.7018649423440585E-6
0.656,-5.629836086913842E-6,5.715080258668826E-6
0.657,-5.640375155277511E-6,5.726251569269366E-6
0.658,-5.648924765082349E-6,5.735374537289284E-6
0.659,-5.655482147567876E-6,5.742445582136594E-6
0.66,-5.660045207721995E-6,5.7474618825736954E-6
0.661,-5.6626125270042886E-6,5.7504213775032E-6
0.662,-5.663183360922834E-6,5.751322769628204E-6
0.663,-5.6617576417133675E-6,5.750165521813809E-6
0.664,-5.658335976117544E-6,5.746949861790826E-6
0.665,-5.652919646459979E-6,5.741676781019072E-6
0.666,-5.645575575828852E-6,5.734392904064508E-6
0.667,-5.636158564202105E-6,5.7249932013094885E-6
0.668,-5.624751029574853E-6,5.713539939416225E-6
0.669,-5.61136304349034E-6,5.700043040383813E-6
0.67,-5.596009898322596E-6,5.684537943418774E-6
0.671,-5.5786906520811305E-6,5.666984337279379E-6
0.672,-5.559403958142936E-6,5.647400877465297E-6
0.673,-5.538157315041163E-6,5.6257956563437996E-6
0.674,-5.514957783775061E-6,5.602176157403976E-6
0.675,-5.489813353237811E-6,5.5765509852986245E-6
0.676,-5.4627326798214245E-6,5.548929475725974E-6
0.677,-5.4337250572180186E-6,5.519321690357573E-6
0.678,-5.4028004398364185E-6,5.487738430962622E-6
0.679,-5.369969431557245E-6,5.45419123778818E-6
0.68,-5.335243287720907E-6,5.418692377845436E-6
0.681,-5.298633907535588E-6,5.381254847311443E-6
0.682,-5.260153832024193E-6,5.341892360071262E-6
0.683,-5.219816241147319E-6,5.300619345908649E-6
0.684,-5.177634949979049E-6,5.257450946289813E-6
0.685,-5.133624401657042E-6,5.212403001182977E-6
0.686,-5.087799666648742E-6,5.165492053407341E-6
0.687,-5.04017643711873E-6,5.116735333280771E-6
0.6880000000000001,-4.990771020871071E-6,5.06615075373829E-6
0.6890000000000001,-4.939600338377733E-6,5.013756909457781E-6
0.6900000000000001,-4.886681915785917E-6,4.959573058565586E-6
0.6910000000000001,-4.8320338802794046E-6,4.903619121814254E-6
0.6920000000000001,-4.775674957365451E-6,4.845915676073852E-6
0.6930000000000001,-4.71762445969276E-6,4.7864839401349955E-6
0.6940000000000001,-4.657902286895353E-6,4.72534577113878E-6
0.6950000000000001,-4.596528912145002E-6,4.6625236535959884E-6
0.6960000000000001,-4.533525383993494E-6,4.598040688989151E-6
0.6970000000000001,-4.468913316484721E-6,4.531920588434673E-6
0.6980000000000001,-4.4027148816814764E-6,4.464187662694291E-6
0.6990000000000001,-4.334952801720435E-6,4.394866814583925E-6
0.7000000000000001,-4.265650345009628E-6,4.323983521994207E-6
0.7010000000000001,-4.194831317991985E-6,4.251563833192845E-6
0.7020000000000001,-4.1225200566937545E-6,4.177634356825683E-6
0.7030000000000001,-4.048741417655375E-6,4.1022222483580956E-6
0.704,-3.973520775495919E-6,4.025355197106201E-6
0.705,-3.896884010790846E-6,3.947061421983317E-6
0.706,-3.818857499205696E-6,3.867369655734793E-6
0.707,-3.7394681141675657E-6,3.786309128603854E-6
0.708,-3.658743200004644E-6,3.7039095687201815E-6
0.709,-3.5767105860252336E-6,3.6202011794999326E-6
0.71,-3.4933985571939833E-6,3.53521462571938E-6
0.711,-3.4088358629859147E-6,3.448981033258176E-6
0.712,-3.323051688027966E-6,3.361531970253314E-6
0.713,-3.2360756629514194E-6,3.2728994242562902E-6
0.714,-3.1479378433670517E-6,3.183115812336134E-6
0.715,-3.0586687030788995E-6,3.09221394241589E-6
0.716,-2.968299122551815E-6,3.0002270223348144E-6
0.717,-2.8768603849285398E-6,2.9071886291368306E-6
0.718,-2.7843841553518047E-6,2.813132711943231E-6
0.719,-2.6909024871399427E-6,2.718093560921942E-6
0.72,-2.596447791852501E-6,2.6221058105904404E-6
0.721,-2.5010528429539775E-6,2.5252044143500102E-6
0.722,-2.4047507623939996E-6,2.4274246380464513E-6
0.723,-2.307575005189102E-6,2.32880203925054E-6
0.724,-2.2095593554536794E-6,2.229372462539583E-6
0.725,-2.110737909358064E-6,2.1291720148088307E-6
0.726,-2.0111450654279494E-6,2.028237063134302E-6
0.727,-1.910815519354101E-6,1.926604208058037E-6
0.728,-1.8097842402197034E-6,1.8243102811039786E-6
0.729,-1.708086475163298E-6,1.721392325973566E-6
0.73,-1.6057577227334296E-6,1.617887574731453E-6
0.731,-1.502833728655922E-6,1.5138334582971144E-6
0.732,-1.3993504774239382E-6,1.4092675648669948E-6
0.733,-1.2953441713425208E-6,1.3042276387904067E-6
0.734,-1.190851223131731E-6,1.1987515711465135E-6
0.735,-1.0859082446023746E-6,1.092877373501432E-6
0.736,-9.805520366223596E-7,9.866431721073175E-7
0.737,-8.748195722135527E-7,8.800871920955637E-7
0.738,-7.687479822576563E-7,7.732477411010125E-7
0.739,-6.623745509998063E-7,6.661631968690901E-7
0.74,-5.557366992148146E-7,5.588719930033184E-7
0.741,-4.48871963348855E-7,4.514126038662821E-7
0.742,-3.418180001407657E-7,3.438235289532397E-7
0.743,-2.346125590746408E-7,2.3614328374666128E-7
0.744,-1.2729347716178224E-7,1.284103834514611E-7
0.745,-1.9898662217965307E-8,2.0663323635483635E-8
0.746,8.753392094496021E-8,-8.70594246693554E-8
0.747,1.9496625794368643E-7,-1.94719437476841E-7
0.748,3.023603089152871E-7,-3.0227834160733935E-7
0.749,4.096796671765385E-7,-4.0969980548421433E-7
0.75,5.168819293827162E-7,-5.169404773130894E-7
0.751,6.239321049400647E-7,-6.239659035150859E-7
0.752,7.307923938632195E-7,-7.307383206311772E-7
0.753,8.374246635578766E-7,-8.372197219385944E-7
0.754,9.437893218750319E-7,-9.433704238337122E-7
0.755,1.04985014827423E-6,-1.0491548244062216E-6
0.756,1.1555688227693973E-6,-1.1545348939239818E-6
0.757,1.2609075318859602E-6,-1.259473297640587E-6
0.758,1.3658286783236455E-6,-1.3639330097430662E-6
0.759,1.4702947470219509E-6,-1.46787716989719E-6
0.76,1.574268349527432E-6,-1.5712691358026533E-6
0.761,1.6777122496814875E-6,-1.6740725027607563E-6
0.762,1.7805893620382921E-6,-1.7762510960971317E-6
0.763,1.8828627800505832E-6,-1.877769001123889E-6
0.764,1.9844957731969585E-6,-1.9785905686074637E-6
0.765,2.0854518106851384E-6,-2.078680428646403E-6
0.766,2.185694581574756E-6,-2.1780034969302503E-6
0.767,2.2851879926401822E-6,-2.2765249925863795E-6
0.768,2.3838961879659576E-6,-2.374210448921402E-6
0.769,2.4817835722337225E-6,-2.471025726480166E-6
0.77,2.5788148102087385E-6,-2.5669370149192583E-6
0.771,2.6749548468349256E-6,-2.6619108597911326E-6
0.772,2.7701689196832373E-6,-2.7559141558133854E-6
0.773,2.8644225749527507E-6,-2.8489141758455737E-6
0.774,2.9576816753116147E-6,-2.9408785700981843E-6
0.775,3.0499124127340065E-6,-3.0317753726690696E-6
0.776,3.1410813327029915E-6,-3.121573030714559E-6
0.777,3.2311553296724875E-6,-3.210240390738202E-6
0.778,3.3201016717142157E-6,-3.29774672282139E-6
0.779,3.4078880144787544E-6,-3.3840617365411753E-6
0.78,3.4944824079540238E-6,-3.4691555721301207E-6
0.781,3.579853305402579E-6,-3.5529988222227954E-6
0.782,3.6639695846223822E-6,-3.635562542264113E-6
0.783,3.7468005624074576E-6,-3.716818250661989E-6
0.784,3.828315989884954E-6,-3.796737946426008E-6
0.785,3.908486080145821E-6,-3.875294113247494E-6
0.786,3.987281517848238E-6,-3.952459727867816E-6
0.787,4.0646734640470846E-6,-4.028208271569197E-6
0.788,4.140633569350081E-6,-4.1025137382377085E-6
0.789,4.2151339931801635E-6,-4.175350632170578E-6
0.79,4.288147406328989E-6,-4.246693991668433E-6
0.791,4.359647000130161E-6,-4.3165193872311835E-6
0.792,4.429606507636728E-6,-4.384802929509997E-6
0.793,4.49800020793024E-6,-4.451521275191478E-6
0.794,4.56480293092246E-6,-4.516651640264841E-6
0.795,4.629990074168307E-6,-4.580171798564732E-6
0.796,4.693537617416716E-6,-4.642060096558017E-6
0.797,4.755422116351754E-6,-4.7022954495135135E-6
0.798,4.815620733054363E-6,-4.760857359383518E-6
0.799,4.8741112260103595E-6,-4.817725909870252E-6
0.8,4.930871970899353E-6,-4.87288178089346E-6
0.801,4.985881965542179E-6,-4.926306248000594E-6
0.802,5.039120835604676E-6,-4.977981189035104E-6
0.803,5.090568852590228E-6,-5.027889090700621E-6
0.804,5.1402069275531334E-6,-5.076013054910048E-6
0.805,5.188016632595297E-6,-5.1223367997986405E-6
0.806,5.233980198659658E-6,-5.166844666031458E-6
0.807,5.278080531971904E-6,-5.209521623717974E-6
0.808,5.320301208371394E-6,-5.250353269577537E-6
0.809,5.360626494686417E-6,-5.289325839103252E-6
0.81,5.399041344154525E-6,-5.3264262027837515E-6
0.811,5.435531408291513E-6,-5.361641877118691E-6
0.812,5.470083041464145E-6,-5.394961023269134E-6
0.8130000000000001,5.502683306326784E-6,-5.426372451408238E-6
0.8140000000000001,5.533319980187819E-6,-5.4558656220396426E-6
0.8150000000000001,5.56198155979057E-6,-5.483430654069143E-6
0.8160000000000001,5.588657263840777E-6,-5.5090583210594145E-6
0.8170000000000001,5.613337043923216E-6,-5.532740056168778E-6
0.8180000000000001,5.636011581507563E-6,-5.554467958198441E-6
0.8190000000000001,5.6566722976281564E-6,-5.574234786773437E-6
0.8200000000000001,5.675311354457387E-6,-5.59203397104053E-6
0.8210000000000001,5.691921657621554E-6,-5.607859606206572E-6
0.8220000000000001,5.70649686142759E-6,-5.621706457729597E-6
0.8230000000000001,5.719031371041003E-6,-5.633569961830562E-6
0.8240000000000001,5.729520345548534E-6,-5.643446226750157E-6
0.8250000000000001,5.737959699411416E-6,-5.651332035376475E-6
0.8260000000000001,5.744346105129049E-6,-5.657224842721424E-6
0.8270000000000001,5.748676994865514E-6,-5.661122780554174E-6
0.8280000000000001,5.750950562008227E-6,-5.663024653726361E-6
0.8290000000000001,5.7511657622820605E-6,-5.6629299438104525E-6
0.8300000000000001,5.7493223140582365E-6,-5.6608388084110645E-6
0.8310000000000001,5.745420699400417E-6,-5.656752079072286E-6
0.8320000000000001,5.739462164302619E-6,-5.650671263472295E-6
0.833,5.731487130197012E-6,-5.642656992012592E-6
0.834,5.721403491452058E-6,-5.632577100100746E-6
0.835,5.709267932916913E-6,-5.62050831466854E-6
0.836,5.695090060586352E-6,-5.606460357998495E-6
0.837,5.6789123726385124E-6,-5.590455522386955E-6
0.838,5.6606818464766935E-6,-5.572480164513667E-6
0.839,5.6404233760991074E-6,-5.552539136473488E-6
0.84,5.618145886159523E-6,-5.530640742468904E-6
0.841,5.593856842813887E-6,-5.506791996379408E-6
0.842,5.567565148294451E-6,-5.481001154150189E-6
0.843,5.539280392545937E-6,-5.453277099617191E-6
0.844,5.509012878700826E-6,-5.4236293409593785E-6
0.845,5.476773656263311E-6,-5.3920680492664165E-6
0.846,5.442574509063381E-6,-5.3586040467503555E-6
0.847,5.40642794679657E-6,-5.3232488035008305E-6
0.848,5.368347204244207E-6,-5.286014433288765E-6
0.849,5.328346236809963E-6,-5.246913690046618E-6
0.85,5.286439709971005E-6,-5.205959966455451E-6
0.851,5.242642999681316E-6,-5.163167287307008E-6
0.852,5.196972182410911E-6,-5.118550304115666E-6
0.853,5.149444028141028E-6,-5.0721242978783796E-6
0.854,5.1000759970681495E-6,-5.023905162641644E-6
0.855,5.0488862307846704E-6,-4.973909413503775E-6
0.856,4.995893544715503E-6,-4.9221541740208184E-6
0.857,4.941117418518119E-6,-4.868657170582575E-6
0.858,4.884577993504748E-6,-4.813436730039498E-6
0.859,4.82629606239016E-6,-4.756511775008534E-6
0.86,4.766293055698378E-6,-4.6979018117925055E-6
0.861,4.704591041766144E-6,-4.63762693372119E-6
0.862,4.641212712306549E-6,-4.575707808983969E-6
0.863,4.576181370439444E-6,-4.512165672334383E-6
0.864,4.50952093162472E-6,-4.447022324840326E-6
0.865,4.441255903397266E-6,-4.380300122160789E-6
0.866,4.371411381668543E-6,-4.312021972138062E-6
0.867,4.300013033275262E-6,-4.242211320170546E-6
0.868,4.227087099053315E-6,-4.17089215154422E-6
0.869,4.152660366248738E-6,-4.098088977117703E-6
0.87,4.076760173950854E-6,-4.023826826758065E-6
0.871,3.999414388341247E-6,-3.948131242970916E-6
0.872,3.920651398384709E-6,-3.871028274787243E-6
0.873,3.840500106225806E-6,-3.792544460110865E-6
0.874,3.758989909702868E-6,-3.7127068360504466E-6
0.875,3.6761506934245717E-6,-3.631542908110804E-6
0.876,3.5920128181881266E-6,-3.549080657818756E-6
0.877,3.506607105352887E-6,-3.465348525119146E-6
0.878,3.4199648269593647E-6,-3.3803754042045678E-6
0.879,3.3321176913795997E-6,-3.2941906336898926E-6
0.88,3.2430978374884865E-6,-3.2068239843859367E-6
0.881,3.1529378066861548E-6,-3.118305650986668E-6
0.882,3.0616705447159607E-6,-3.028666245449499E-6
0.883,2.969329384789095E-6,-2.9379367842693576E-6
0.884,2.875948027406282E-6,-2.846148676849101E-6
0.885,2.7815605384703976E-6,-2.753333724639091E-6
0.886,2.68620132451462E-6,-2.659524093506519E-6
0.887,2.5899051264713016E-6,-2.5647523212016575E-6
0.888,2.492707002643926E-6,-2.469051298872644E-6
0.889,2.3946423197836874E-6,-2.3724542579093417E-6
0.89,2.2957467328417987E-6,-2.274994768416779E-6
0.891,2.1960561737423636E-6,-2.1767067151649463E-6
0.892,2.0956068383511307E-6,-2.07762430030884E-6
0.893,1.9944351735552753E-6,-1.9777820200876585E-6
0.894,1.892577859430441E-6,-1.8772146631178347E-6
0.895,1.7900717952380513E-6,-1.775957294197655E-6
0.896,1.6869540969966988E-6,-1.6740452420670532E-6
0.897,1.5832620571810472E-6,-1.571514092135648E-6
0.898,1.479033161819267E-6,-1.4683996707036996E-6
0.899,1.3743050553683542E-6,-1.364738034234578E-6
0.9,1.269115533345025E-6,-1.2605654570590452E-6
0.901,1.163502524700926E-6,-1.1559184213138569E-6
0.902,1.0575040840649492E-6,-1.0508336030500978E-6
0.903,9.511583716065637E-7,-9.453478605203294E-7
0.904,8.445036429189072E-7,-8.394982211057129E-7
0.905,7.375782273139262E-7,-7.333218652871643E-7
0.906,6.30420523714551E-7,-6.268561306699138E-7
0.907,5.230689810315036E-7,-5.201384734865211E-7
0.908,4.1556208441040984E-7,-4.1320647264919055E-7
0.909,3.079383418674898E-7,-3.0609781813406223E-7
0.91,2.0023626577658916E-7,-1.9885029016453025E-7
0.911,9.24943676372528E-8,-9.150174831717953E-8
0.912,-1.5248859369654245E-8,1.59098766938648E-8
0.913,-1.2295496246150728E-7,1.2334660356994098E-7
0.914,-2.3058553147436793E-7,2.3077040568753234E-7
0.915,-3.3810221809759814E-7,3.381432334553833E-7
0.916,-4.45468228874028E-7,4.454282709759411E-7
0.917,-5.526414154355285E-7,5.525840946346673E-7
0.918,-6.595867037412058E-7,6.595751832899781E-7
0.919,-7.662663229906837E-7,7.663636895638641E-7
0.92,-8.726423318394514E-7,8.729115263256539E-7
0.921,-9.78674533330635E-7,9.791786384772202E-7
0.922,-1.0843282771122021E-6,1.0851295777076097E-6
0.923,-1.189565271911223E-6,1.1907258040678123E-6
0.924,-1.29434821304058E-6,1.2959294998366514E-6
0.925,-1.3986401589532297E-6,1.4007031133301425E-6
0.926,-1.5024043161226133E-6,1.5050091733693478E-6
0.927,-1.6056041159949903E-6,1.608810336575878E-6
0.928,-1.7082032317121724E-6,1.7120694226075944E-6
0.929,-1.8101655748641215E-6,1.8147493948268515E-6
0.93,-1.9114553150427523E-6,1.9168134080539644E-6
0.931,-2.0120368962038457E-6,2.0182247982282563E-6
0.932,-2.1118750411356935E-6,2.1189471050704874E-6
0.933,-2.2109347677516243E-6,2.2189440872512753E-6
0.934,-2.3091813986379195E-6,2.3181797306345027E-6
0.935,-2.406580574834458E-6,2.4166182656106726E-6
0.936,-2.503098261233174E-6,2.5142241805861193E-6
0.937,-2.5987007671588184E-6,2.6109622326689047E-6
0.9380000000000001,-2.693354755042575E-6,2.70679746353113E-6
0.9390000000000001,-2.7870272457094966E-6,2.8016952094980864E-6
0.9400000000000001,-2.8796856322424167E-6,2.89562112354455E-6
0.9410000000000001,-2.9712976922499145E-6,2.9885411756972375E-6
0.9420000000000001,-3.061831599787332E-6,3.080421674115164E-6
0.9430000000000001,-3.151255931726681E-6,3.171229277635167E-6
0.9440000000000001,-3.239539675361669E-6,3.2609310096774456E-6
0.9450000000000001,-3.3266522485721274E-6,3.3494942592308863E-6
0.9460000000000001,-3.4125634980337734E-6,3.436886816907554E-6
0.9470000000000001,-3.497243716884637E-6,3.523076861522873E-6
0.9480000000000001,-3.580663649471263E-6,3.6080329893361244E-6
0.9490000000000001,-3.6627945067114218E-6,3.6917242233346856E-6
0.9500000000000001,-3.7436079655528775E-6,3.7741200231011407E-6
0.9510000000000001,-3.823076183406284E-6,3.855190291224814E-6
0.9520000000000001,-3.9011718117037865E-6,3.934905397463001E-6
0.9530000000000001,-3.977867990680973E-6,4.013236185083119E-6
0.9540000000000001,-4.053138374245869E-6,4.090153976150141E-6
0.9550000000000001,-4.126957119695496E-6,4.16563059001181E-6
0.9560000000000001,-4.199298918829874E-6,4.239638353831882E-6
0.9570000000000001,-4.270138979161497E-6,4.312150112998465E-6
0.9580000000000001,-4.339453048673302E-6,4.383139238076789E-6
0.9590000000000001,-4.407217426032727E-6,4.4525796401719225E-6
0.96,-4.473408949246615E-6,4.520445782537535E-6
0.961,-4.538005019170188E-6,4.586712684107801E-6
0.962,-4.600983604121411E-6,4.651355934318872E-6
0.963,-4.662323231047783E-6,4.71435170445397E-6
0.964,-4.7220030216502135E-6,4.7756767523757136E-6
0.965,-4.780002662066999E-6,4.835308436050022E-6
0.966,-4.836302435000899E-6,4.893224718861308E-6
0.967,-4.89088322323716E-6,4.9494041834972024E-6
0.968,-4.9437264981527E-6,5.003826034273087E-6
0.969,-4.994814340539734E-6,5.056470114298916E-6
0.97,-5.044129444498496E-6,5.107316906624133E-6
0.971,-5.091655113530633E-6,5.15634753921286E-6
0.972,-5.137375274736191E-6,5.2035438057467E-6
0.973,-5.1812744782376815E-6,5.248888161794466E-6
0.974,-5.223337900444832E-6,5.292363732424152E-6
0.975,-5.263551351593696E-6,5.333954326403375E-6
0.976,-5.301901278921194E-6,5.373644438555131E-6
0.977,-5.338374768930665E-6,5.411419251419662E-6
0.978,-5.372959550649679E-6,5.4472646529694474E-6
0.979,-5.40564400189238E-6,5.481167233153642E-6
0.98,-5.436417149890937E-6,5.5131142901604185E-6
0.981,-5.465268674098848E-6,5.54309384144288E-6
0.982,-5.4921889095424314E-6,5.571094623951505E-6
0.983,-5.517168851917441E-6,5.597106100904776E-6
0.984,-5.540200154822181E-6,5.6211184652915875E-6
0.985,-5.56127513734172E-6,5.643122646667892E-6
0.986,-5.580386781902035E-6,5.663110310693525E-6
0.987,-5.597528739777764E-6,5.681073867684397E-6
0.988,-5.612695328353935E-6,5.697006472289836E-6
0.989,-5.625881537516698E-6,5.71090202939324E-6
0.99,-5.637083027356545E-6,5.722755194658524E-6
0.991,-5.646296130743074E-6,5.732561378640112E-6
0.992,-5.6535178550367284E-6,5.740316748710213E-6
0.993,-5.658745880271675E-6,5.7460182302419016E-6
0.994,-5.661978562656691E-6,5.749663509018218E-6
0.995,-5.663214932676726E-6,5.751251032401585E-6
0.996,-5.662454697290472E-6,5.750780010161059E-6
0.997,-5.659698237856178E-6,5.7482504150761185E-6
0.998,-5.654946612324365E-6,5.743662984082556E-6
0.999,-5.648273021510403E-6,5.737070523171928E-6
1,-5.639519263459832E-6,5.7283551268468594E-6
